index,duration,credit_amount,age,maintenance,telephone,foreign_worker,loan_status,checking_status,credit_history,purpose,saving_account,employment,income,sex,marital_status,guarantor,residence,property,installation_plan,housing,existing_credit,job
0,0,0,1,1,1,1,1,0,1,0,0,1,1,0,1,0,1,1,1,1,1,1
1,1,1,0,1,0,1,0,1,0,0,0,0,0,1,0,0,0,1,1,1,0,1
2,0,0,1,0,0,1,1,0,1,1,0,1,0,0,1,0,1,1,1,1,0,0
3,1,1,1,0,0,1,1,0,0,0,0,1,0,0,1,1,1,1,1,0,0,1
4,1,1,1,0,0,1,0,0,1,1,0,0,1,0,1,0,1,0,1,0,1,1
5,1,1,1,0,1,1,1,0,0,1,0,0,0,0,1,0,1,0,1,0,0,0
6,1,1,1,1,0,1,1,0,0,0,1,1,1,0,1,0,1,1,1,1,0,1
7,1,1,1,1,1,1,1,1,0,1,0,0,0,0,1,0,0,0,1,0,0,1
8,0,1,1,1,0,1,1,0,0,0,1,1,0,0,0,0,1,1,1,1,0,0
9,1,1,0,1,0,1,0,1,1,1,0,0,1,0,0,0,0,0,1,1,1,1
10,0,0,0,1,0,1,0,1,0,1,0,0,1,1,0,0,0,0,1,0,0,1
11,1,1,0,1,0,1,0,0,0,1,0,0,1,1,0,0,1,1,1,0,0,1
12,0,0,0,1,1,1,1,1,0,0,0,0,0,1,0,0,0,0,1,1,0,1
13,1,0,1,1,0,1,0,0,1,1,0,1,1,0,1,0,1,0,1,1,1,0
14,1,0,0,1,0,1,1,0,0,1,0,0,0,1,0,0,1,0,1,0,0,1
15,1,0,1,1,0,1,0,0,0,0,0,0,1,1,0,0,0,0,1,1,0,0
16,1,0,1,1,0,1,1,0,1,0,0,1,1,0,1,0,1,1,1,1,1,1
17,1,1,0,1,0,1,1,0,0,1,0,0,0,0,1,0,1,0,0,1,1,1
18,1,1,1,1,1,1,0,1,0,1,0,1,1,1,0,0,0,0,1,0,0,1
19,1,1,1,0,1,1,1,0,0,0,1,1,1,0,1,0,0,0,1,1,0,1
20,0,0,1,1,1,1,1,0,1,1,0,0,1,0,1,0,1,0,1,1,1,1
21,0,0,1,0,0,1,1,0,0,0,1,0,0,0,1,0,1,1,1,0,0,1
22,0,0,1,0,0,0,1,0,1,1,0,0,0,0,1,0,1,1,1,0,1,0
23,0,0,1,1,0,1,1,1,1,1,0,0,1,0,1,0,1,1,1,1,0,1
24,0,0,0,1,0,0,1,0,1,0,0,0,0,0,0,0,0,0,1,1,1,1
25,0,0,1,1,1,1,1,0,0,0,0,0,0,0,1,0,0,1,0,1,0,0
26,0,0,1,1,0,1,1,0,0,0,0,1,1,0,0,0,1,0,1,1,0,0
27,0,0,1,1,0,1,1,1,0,0,1,0,1,1,0,0,1,1,1,0,1,1
28,0,0,1,1,0,1,1,1,0,0,0,0,1,0,1,1,0,1,1,1,0,1
29,1,1,1,1,1,1,0,0,1,1,0,1,1,0,1,0,1,0,1,1,1,1
30,1,0,1,1,1,1,1,1,0,1,1,0,1,0,0,0,1,1,0,1,0,1
31,1,1,0,1,0,1,1,0,0,0,0,0,0,0,1,0,0,0,0,1,0,1
32,1,1,0,1,1,1,1,1,0,1,0,0,0,0,1,0,0,0,1,1,1,1
33,0,0,1,1,0,1,1,0,1,1,0,1,1,0,1,0,1,0,1,0,0,0
34,0,0,1,1,1,1,1,1,0,0,0,0,1,1,0,0,0,1,0,1,0,1
35,1,1,0,1,0,1,0,1,1,0,0,0,1,0,1,0,0,1,1,1,1,0
36,1,1,1,1,1,1,1,0,1,1,0,0,0,0,1,0,1,0,0,0,0,1
37,1,0,1,1,0,1,0,1,0,0,0,0,1,0,1,0,0,1,0,1,0,1
38,0,0,1,1,1,1,1,1,0,0,0,0,0,0,1,0,0,0,1,1,0,1
39,0,0,0,1,0,1,1,1,0,0,0,0,1,0,1,0,1,1,1,1,0,1
40,1,0,0,1,0,1,1,0,0,0,1,1,1,0,1,0,0,0,0,1,0,1
41,0,0,0,1,1,1,1,1,0,0,1,0,1,0,0,0,0,0,1,1,0,1
42,1,1,1,0,1,1,1,1,1,1,0,0,0,0,1,0,1,1,1,1,0,0
43,1,1,0,1,0,1,1,0,1,1,0,1,0,0,0,0,1,0,1,0,1,1
44,1,1,1,1,0,1,0,0,1,1,0,1,1,1,0,0,1,0,0,0,1,0
45,0,0,1,1,0,1,1,0,1,1,0,0,1,1,0,0,1,0,1,1,1,1
46,1,0,1,1,0,1,1,0,0,0,1,1,1,0,1,0,1,0,1,1,0,1
47,0,0,0,1,1,1,1,0,0,1,1,0,0,1,0,0,0,1,1,0,0,0
48,0,1,1,1,0,1,1,0,1,1,0,0,0,0,1,0,1,1,1,1,1,0
49,0,0,0,1,0,1,1,0,0,0,0,0,1,1,0,0,0,1,1,1,0,1
50,1,0,0,1,0,1,1,1,1,0,0,0,1,0,1,0,0,1,0,1,0,0
51,1,1,0,1,1,1,1,1,1,1,0,1,0,0,1,0,0,0,1,1,1,1
52,0,0,0,1,0,1,1,0,0,0,0,0,1,0,1,0,0,0,1,1,0,1
53,1,1,1,1,1,1,1,0,0,1,0,0,0,0,1,0,0,1,1,1,0,1
54,1,0,1,1,1,1,0,1,1,1,0,1,1,0,1,0,1,0,0,0,1,1
55,0,0,0,0,0,1,1,0,0,1,0,0,0,0,1,1,0,1,0,1,0,0
56,0,1,1,1,1,1,0,1,0,0,0,0,0,0,1,0,0,0,1,1,0,1
57,1,1,1,1,0,1,1,0,1,0,0,0,0,1,0,0,0,0,0,1,1,1
58,1,0,0,1,0,1,1,1,0,1,0,1,1,1,0,0,0,0,1,1,0,1
59,1,1,0,1,1,1,0,0,1,0,0,0,1,1,0,0,1,0,1,0,1,0
60,0,0,0,1,1,1,1,1,0,1,0,0,0,0,0,0,0,1,0,1,0,1
61,1,0,1,1,1,1,1,1,1,0,0,1,1,0,1,1,1,1,1,1,1,1
62,1,0,1,1,1,1,0,1,0,1,0,1,1,0,1,0,1,0,1,0,0,1
63,1,1,0,1,1,1,0,1,0,1,0,0,0,0,1,0,0,0,1,1,0,1
64,1,1,0,1,1,1,1,0,0,0,0,0,1,1,0,0,1,1,1,1,0,1
65,1,1,1,0,1,1,1,0,0,1,0,1,1,0,1,0,1,1,1,1,1,1
66,0,0,0,1,0,1,1,0,0,0,0,0,0,1,0,0,0,0,0,1,0,1
67,0,0,0,1,0,1,1,1,0,1,1,0,1,0,0,0,0,1,1,1,0,1
68,1,0,1,1,1,1,0,0,0,1,0,0,1,0,1,0,1,0,0,0,0,1
69,1,0,0,1,0,1,1,0,0,0,0,0,1,1,0,0,1,0,1,1,0,1
70,1,1,0,1,0,1,1,0,0,1,0,0,0,1,0,0,0,1,0,1,0,1
71,0,0,1,1,1,1,1,0,1,0,0,1,1,0,1,0,0,1,1,0,1,0
72,0,0,1,0,1,1,1,0,1,0,0,1,1,0,1,0,1,0,0,0,1,1
73,1,1,1,1,0,1,1,1,1,1,0,1,0,1,0,0,0,1,0,1,1,0
74,1,0,1,1,1,1,0,0,0,1,0,1,1,0,1,0,1,0,1,1,0,1
75,0,0,1,1,0,1,1,0,1,1,0,1,1,0,1,0,1,0,1,0,1,1
76,1,1,1,1,0,1,0,0,0,0,0,0,1,0,1,0,1,0,1,1,0,1
77,0,1,1,1,0,1,1,1,1,0,0,1,0,0,1,0,1,1,1,1,0,1
78,1,1,1,0,0,1,1,0,0,1,0,0,0,0,1,0,0,1,1,1,0,0
79,1,1,0,1,0,1,1,1,0,0,0,0,0,0,0,0,0,1,1,1,0,1
80,1,1,1,1,1,1,0,0,0,0,0,0,0,1,0,0,0,0,1,1,1,1
81,1,0,1,1,1,1,1,0,0,0,1,1,1,0,1,0,1,1,0,1,0,1
82,1,0,0,1,0,1,1,0,0,1,0,0,1,1,0,0,1,1,1,0,0,0
83,1,0,1,1,1,1,1,0,0,0,0,1,1,1,0,1,1,1,1,1,0,0
84,0,0,1,1,0,1,1,0,0,0,0,1,1,0,1,0,1,1,1,1,0,0
85,0,0,0,1,1,1,1,0,1,1,0,0,1,1,0,1,0,1,1,1,1,1
86,1,0,0,1,0,1,1,1,1,0,0,0,1,1,0,0,0,1,1,1,1,1
87,1,1,1,0,1,1,0,1,0,1,0,0,0,0,1,0,1,0,1,0,0,1
88,1,0,0,0,1,1,1,0,0,1,0,1,1,0,1,0,1,0,1,1,0,1
89,0,0,0,1,0,1,0,0,0,1,0,1,1,0,1,0,1,1,1,1,1,1
90,0,0,1,1,0,1,1,0,1,0,0,1,1,0,1,0,1,1,1,1,0,1
91,0,0,1,1,0,1,1,0,1,1,0,1,1,0,1,0,1,1,1,1,0,1
92,0,0,1,0,0,1,0,0,1,0,0,1,1,1,0,0,1,1,0,1,0,0
93,1,1,0,1,0,1,1,1,1,0,0,1,1,0,1,0,1,0,1,0,1,1
94,0,0,1,1,1,1,1,1,0,1,1,1,1,0,1,0,1,1,1,1,0,1
95,1,1,1,1,1,1,0,1,0,1,0,0,1,0,1,0,1,0,1,0,0,1
96,0,0,1,1,0,1,1,0,1,1,0,1,1,1,0,0,0,0,1,1,0,1
97,1,0,1,1,0,1,1,1,0,1,0,0,1,0,1,0,1,0,1,1,0,1
98,1,0,1,1,0,1,1,1,1,0,0,1,1,0,1,0,1,1,1,1,0,1
99,1,1,1,0,1,1,1,1,1,1,0,1,1,0,1,0,1,1,0,0,1,1
100,1,0,1,1,0,1,1,0,0,1,0,1,1,0,0,0,1,1,1,0,0,0
101,1,0,0,1,0,1,1,1,0,0,0,1,1,0,1,0,1,0,1,0,0,1
102,0,0,0,1,0,1,1,0,1,0,0,0,1,1,0,0,0,1,1,1,0,1
103,0,0,1,1,1,1,1,1,1,0,0,1,1,0,1,0,1,0,1,0,0,1
104,0,0,0,1,1,1,1,0,0,1,0,0,0,0,0,0,1,0,1,0,0,1
105,1,1,1,0,1,1,0,1,1,0,0,0,0,0,1,0,1,0,1,1,1,1
106,1,1,1,0,1,1,0,0,0,1,0,1,0,0,1,0,1,0,0,1,1,1
107,0,1,1,1,0,1,1,1,0,1,0,1,0,0,1,0,0,0,1,1,0,1
108,1,1,0,1,1,0,1,0,0,0,0,0,0,1,0,0,0,1,1,1,0,1
109,1,0,1,1,1,1,1,1,0,1,1,1,0,0,0,0,0,1,1,1,0,1
110,0,0,1,0,0,1,1,1,1,1,0,1,0,0,0,0,0,0,0,1,1,1
111,1,0,0,1,1,1,1,1,0,1,0,0,1,1,0,0,1,1,1,0,0,1
112,1,1,0,1,0,1,1,1,0,1,0,1,1,0,1,0,1,1,1,0,0,0
113,1,1,0,1,1,1,0,0,1,1,0,0,1,1,0,0,0,1,0,1,1,1
114,0,0,1,1,0,1,1,0,0,0,1,1,1,0,0,0,0,1,1,1,0,1
115,1,1,1,1,1,1,1,0,1,0,0,1,1,0,1,0,0,1,1,1,0,1
116,1,1,0,1,1,1,0,0,0,0,0,1,1,1,0,0,1,0,1,1,0,1
117,0,0,0,1,0,0,1,0,1,0,0,0,0,1,0,0,1,1,1,0,1,1
118,1,1,0,1,0,1,0,0,1,0,1,0,0,1,0,0,1,0,1,1,1,1
119,0,0,1,1,1,1,1,1,1,1,1,1,1,0,0,0,1,0,1,1,0,1
120,1,0,0,1,1,1,0,0,0,0,0,0,1,1,0,0,0,1,1,1,1,1
121,1,1,1,1,1,1,1,0,1,1,0,1,1,1,0,0,0,0,1,0,1,1
122,0,0,0,1,0,1,1,0,0,0,0,0,1,0,1,0,0,1,1,0,0,0
123,0,0,1,1,1,1,1,1,1,1,0,1,1,0,1,0,1,0,1,0,1,1
124,1,0,0,1,0,1,0,1,0,0,0,0,1,1,0,0,1,1,1,0,0,1
125,0,0,0,1,0,1,1,0,1,1,0,0,1,0,1,0,0,1,1,1,1,1
126,0,0,1,1,0,1,1,0,0,0,0,0,1,0,0,0,0,1,1,1,0,0
127,0,0,0,1,0,1,0,1,0,1,0,0,1,0,1,0,0,0,1,1,0,1
128,0,0,1,1,1,1,1,1,1,1,0,0,1,0,1,0,0,0,1,1,1,1
129,0,1,0,1,0,1,0,0,1,1,0,0,1,1,0,0,0,1,1,1,1,1
130,1,1,0,1,0,1,1,1,0,1,0,1,0,1,0,0,0,0,1,1,0,1
131,1,1,0,1,1,1,0,0,1,1,0,0,1,0,1,0,1,1,0,1,0,1
132,1,0,0,1,0,1,1,0,0,0,0,0,0,0,1,0,1,1,0,1,1,0
133,1,0,1,1,0,1,1,0,0,0,0,0,1,0,1,0,1,0,0,0,1,1
134,1,1,0,1,1,1,1,0,0,0,0,1,0,1,0,0,1,1,1,1,0,1
135,0,0,1,1,1,1,1,0,1,0,0,1,1,1,0,0,0,1,1,1,1,1
136,1,1,0,1,0,1,1,0,1,1,1,0,0,0,1,0,0,0,1,1,1,1
137,0,0,1,1,0,1,0,1,0,0,1,0,1,0,1,0,1,1,1,1,0,0
138,1,0,1,1,1,1,1,1,1,0,0,1,1,0,1,1,0,1,0,1,1,1
139,0,0,1,1,1,1,1,1,0,0,0,0,0,1,0,0,0,0,1,0,0,0
140,0,0,0,1,0,0,1,1,0,1,1,0,0,0,0,0,0,1,1,1,0,0
141,1,1,0,1,1,1,1,1,0,0,0,0,1,1,0,0,0,0,1,1,0,1
142,1,1,0,1,0,1,1,0,0,0,0,0,1,0,1,0,0,0,1,1,0,1
143,1,0,0,1,0,1,0,0,0,0,0,0,0,0,1,0,0,0,1,1,0,1
144,1,0,0,1,1,1,1,0,1,0,0,0,1,1,0,0,1,1,1,1,0,1
145,1,1,0,1,0,1,1,1,0,1,0,1,1,0,1,0,0,0,1,1,0,1
146,0,0,1,1,1,1,1,0,1,1,0,1,0,1,0,0,1,0,1,1,1,1
147,0,0,1,1,1,1,1,0,1,1,0,1,1,1,0,0,1,0,1,1,1,1
148,1,1,0,1,0,1,1,0,1,0,0,0,1,0,1,1,0,1,1,1,1,1
149,1,0,1,1,0,1,1,0,1,0,1,1,1,0,1,0,1,0,1,1,1,1
150,0,0,1,0,1,1,1,0,0,0,0,1,0,0,1,0,1,0,0,0,0,1
151,0,0,1,1,1,0,1,0,0,0,0,0,0,0,1,0,1,1,1,1,0,1
152,1,1,0,1,0,1,1,1,0,0,0,0,1,0,1,0,0,0,1,1,0,1
153,1,1,0,1,0,1,1,1,1,1,1,1,0,1,0,0,1,0,1,0,0,1
154,1,1,1,1,1,1,1,1,1,1,0,1,1,0,1,0,1,0,1,0,0,1
155,0,0,0,1,0,1,0,0,0,0,0,0,0,1,0,0,1,0,1,0,0,1
156,0,0,1,0,0,0,1,0,1,1,0,1,1,0,1,1,1,1,1,1,1,1
157,0,0,1,1,0,1,1,0,0,0,0,1,1,0,0,0,0,0,0,1,0,0
158,1,1,1,1,1,1,1,1,0,1,0,1,0,0,1,0,1,0,0,1,1,1
159,0,0,1,0,0,1,1,0,1,0,0,0,0,0,1,0,0,1,1,1,1,0
160,1,1,1,0,1,1,1,0,1,0,0,1,1,0,1,0,1,1,1,1,0,1
161,1,0,0,1,0,1,1,0,1,1,0,0,1,1,0,0,0,1,1,1,1,1
162,1,0,1,1,1,1,1,0,0,0,1,1,1,0,1,0,1,1,1,1,1,1
163,0,1,1,1,1,1,1,1,0,1,0,0,0,0,1,0,1,0,0,0,0,1
164,1,0,1,1,0,1,1,0,0,1,1,1,1,0,1,0,1,1,1,1,0,1
165,0,1,1,1,1,1,1,0,0,0,1,0,0,0,1,0,0,0,1,1,0,1
166,1,0,1,1,0,1,0,0,0,0,0,0,1,1,0,0,0,0,1,1,0,1
167,0,0,0,1,0,1,1,1,0,0,1,0,1,1,0,0,0,1,1,1,0,1
168,1,1,0,1,1,1,1,0,0,0,0,1,0,1,0,0,1,1,1,0,0,1
169,1,0,1,1,1,1,0,1,1,1,0,1,1,0,0,0,1,1,1,1,1,1
170,1,0,1,0,0,1,0,0,0,1,0,1,1,0,1,0,1,0,1,0,1,1
171,0,0,0,1,1,1,1,0,0,0,0,0,1,1,0,0,0,1,1,1,0,1
172,1,0,1,1,1,1,0,1,1,0,0,0,1,1,0,0,0,1,1,1,0,1
173,0,0,1,1,0,0,1,1,0,0,0,0,1,0,1,1,0,1,1,1,0,1
174,1,1,0,1,0,1,0,0,1,1,0,0,0,0,1,0,0,1,1,1,1,1
175,1,1,1,1,1,1,0,0,0,1,0,0,1,1,0,0,0,1,0,1,0,1
176,0,0,1,1,0,1,1,0,0,0,0,0,0,0,0,0,0,0,1,1,0,1
177,0,0,1,1,0,1,1,0,1,0,1,1,1,0,1,0,1,0,1,1,1,1
178,0,0,1,0,1,1,1,0,0,0,0,1,1,0,1,0,0,0,1,0,1,1
179,1,0,1,1,0,1,1,0,1,1,0,1,1,0,1,0,1,1,1,1,1,1
180,1,1,0,1,0,1,0,0,1,1,0,0,0,0,0,0,0,0,1,1,1,1
181,1,1,0,1,1,1,0,1,1,1,0,0,0,0,0,0,0,1,0,1,1,1
182,1,0,1,0,0,1,0,0,0,1,0,0,1,0,1,0,0,1,1,1,1,0
183,1,1,1,1,1,1,1,0,1,0,1,0,1,0,1,0,1,1,1,1,0,1
184,1,0,1,0,1,1,0,1,1,1,0,1,1,0,1,0,1,0,0,1,0,1
185,1,0,1,1,0,1,1,0,1,0,0,0,1,0,1,0,0,1,1,1,1,1
186,0,1,1,0,1,1,0,1,0,1,0,1,0,1,0,0,1,0,0,0,0,1
187,1,0,1,1,1,1,1,1,1,1,0,0,0,0,1,0,1,0,1,0,1,0
188,0,0,0,1,0,1,0,0,0,0,0,1,1,0,0,0,0,1,1,1,0,1
189,1,1,1,1,1,1,1,1,0,0,0,0,0,1,0,0,1,0,0,1,1,1
190,1,1,1,1,1,1,0,0,0,1,1,0,0,0,1,0,1,1,1,1,1,1
191,1,1,1,0,0,1,0,1,0,1,0,1,1,0,1,0,1,0,1,0,0,0
192,1,1,1,0,1,1,0,1,0,1,0,0,1,0,1,0,0,0,1,1,0,1
193,0,0,0,1,0,1,1,0,0,0,0,1,0,0,0,0,0,1,1,0,0,1
194,1,1,0,1,0,1,0,1,0,0,0,0,1,0,1,1,1,1,1,0,0,1
195,0,0,1,1,1,1,0,1,1,1,0,1,0,1,0,0,1,0,1,1,1,1
196,0,0,0,1,1,1,1,0,1,0,0,0,0,1,0,0,0,0,1,1,1,1
197,0,0,0,1,0,1,0,1,0,0,0,0,1,1,0,0,1,0,0,0,1,1
198,1,0,1,1,1,1,1,1,0,1,0,1,1,0,1,0,1,0,0,0,0,1
199,1,1,1,1,1,1,0,1,1,0,0,1,1,0,0,0,1,0,1,1,0,1
200,0,0,1,1,1,1,1,0,1,1,1,1,1,0,1,0,0,0,1,1,1,1
201,0,0,0,1,0,1,1,0,0,1,0,0,1,0,0,0,1,1,1,1,0,0
202,1,1,0,1,0,1,1,0,1,1,0,1,1,0,1,0,1,0,1,1,1,1
203,0,0,0,1,0,1,0,0,0,0,0,1,1,0,0,0,1,1,1,0,0,1
204,0,0,1,0,0,1,1,0,1,1,0,1,1,0,1,0,0,1,1,1,1,0
205,1,1,1,0,1,1,1,0,1,1,0,1,1,0,1,0,1,0,1,0,1,1
206,0,0,1,1,1,1,1,0,1,0,0,1,1,0,1,0,1,1,1,1,1,1
207,0,0,0,1,0,1,1,1,1,0,0,1,1,0,1,0,1,1,1,1,0,1
208,1,1,0,1,0,1,1,0,0,1,0,0,0,0,0,0,0,0,0,1,0,0
209,0,0,1,1,0,0,1,0,0,1,1,1,1,0,1,0,0,1,1,1,0,1
210,0,1,1,0,0,1,1,0,1,0,0,0,0,0,1,0,0,1,1,1,1,1
211,1,1,1,1,1,1,1,0,0,0,0,1,0,1,0,0,1,1,1,1,0,0
212,1,1,1,1,1,1,0,0,0,1,0,0,0,0,1,0,1,1,0,1,1,1
213,1,0,1,1,1,1,0,1,1,1,0,1,1,0,1,0,1,1,1,1,0,1
214,1,1,1,1,1,1,1,0,1,0,0,1,1,0,1,0,0,0,1,1,0,1
215,0,0,1,1,0,1,1,1,1,0,0,1,0,1,0,0,1,1,1,1,1,0
216,1,1,1,1,1,1,1,0,0,1,0,1,1,0,1,0,0,1,0,1,0,1
217,1,1,0,1,1,1,1,1,0,0,0,0,0,0,1,0,0,1,1,1,0,1
218,1,1,0,1,0,1,1,0,0,0,0,0,0,0,0,0,0,1,1,0,0,0
219,0,0,1,1,1,1,1,0,0,1,0,0,0,1,0,0,1,0,1,1,0,1
220,0,0,0,1,0,1,1,1,0,0,0,0,1,0,0,1,0,1,0,1,0,0
221,0,0,0,1,1,1,1,0,0,1,0,0,1,1,0,0,1,1,0,0,0,1
222,0,0,0,1,0,1,1,0,0,0,0,0,1,0,1,0,0,1,0,1,1,1
223,1,1,1,0,1,1,1,0,1,1,0,0,1,0,1,0,1,1,1,1,1,1
224,1,1,0,1,1,1,1,0,0,1,0,0,1,0,1,0,0,0,1,1,0,1
225,1,0,0,1,0,1,1,0,0,1,0,0,1,0,1,0,0,0,1,1,1,1
226,1,1,0,1,1,1,0,1,0,0,1,1,0,0,1,0,0,0,0,1,1,1
227,0,1,1,1,1,1,0,0,0,0,0,1,1,0,1,0,1,0,1,0,0,1
228,0,0,0,1,0,1,0,0,0,0,0,1,1,0,1,0,0,0,1,1,0,1
229,1,1,0,1,0,1,1,0,0,0,0,0,1,0,1,0,0,0,0,0,0,1
230,1,1,0,1,0,1,0,1,0,0,0,0,1,0,1,0,0,0,1,1,0,1
231,0,0,1,1,0,1,1,0,0,1,1,1,0,0,1,0,1,0,1,0,0,0
232,0,0,1,1,0,1,1,0,0,0,0,1,1,0,1,0,0,0,1,1,0,1
233,1,0,0,1,0,1,1,1,0,0,0,0,1,0,0,1,0,1,1,1,0,0
234,0,0,1,0,0,1,1,0,1,0,0,1,0,0,1,0,0,1,1,1,1,0
235,1,0,0,0,0,1,0,0,0,0,0,0,1,0,1,0,0,0,0,1,0,1
236,0,1,0,1,1,1,0,1,0,1,0,0,0,0,1,0,0,1,1,1,0,0
237,1,0,1,1,0,1,0,1,0,1,0,1,1,0,0,0,0,0,0,0,1,0
238,0,0,1,1,0,1,1,0,1,0,0,0,1,1,0,0,0,1,1,1,1,1
239,1,0,1,0,0,1,1,0,0,0,0,1,0,0,1,1,1,1,1,1,0,1
240,1,0,0,1,0,1,0,0,0,1,0,1,1,1,0,0,0,0,0,1,0,1
241,0,0,1,0,0,1,1,0,0,0,0,1,1,0,1,0,0,1,1,1,0,1
242,1,1,0,0,0,1,0,0,0,1,0,1,1,0,1,0,1,0,1,0,1,1
243,0,0,0,1,0,1,1,0,1,1,0,0,1,1,0,0,0,1,1,1,1,1
244,0,1,1,0,0,1,1,0,0,0,1,0,1,1,0,0,1,1,1,1,0,0
245,1,0,0,1,1,1,1,0,0,1,0,1,1,0,1,0,0,1,1,1,0,1
246,0,0,1,1,0,1,1,0,1,0,0,1,1,0,1,0,1,1,1,1,1,1
247,0,0,1,1,0,0,1,0,0,1,0,0,1,0,1,0,0,0,0,0,0,1
248,1,0,0,1,0,1,1,1,0,0,0,0,0,0,1,0,0,1,1,1,0,1
249,1,0,0,1,0,1,0,0,0,0,0,0,1,1,0,0,1,1,1,0,0,1
250,0,0,1,1,1,1,1,0,1,1,1,1,1,1,0,0,1,1,1,1,1,0
251,0,0,1,1,0,1,1,1,0,0,0,0,0,1,0,0,0,0,1,1,0,0
252,1,0,0,1,0,1,0,1,0,1,0,0,1,1,0,1,0,0,0,1,0,1
253,1,1,1,1,0,1,1,0,1,0,0,0,0,0,1,0,1,1,1,1,1,1
254,0,0,0,1,1,1,1,1,0,0,0,1,0,0,1,0,0,0,1,1,0,1
255,1,1,0,1,0,1,1,1,1,0,0,0,0,0,1,0,0,1,1,1,0,0
256,1,0,1,1,0,1,1,0,1,0,0,0,1,0,1,0,0,1,1,1,1,0
257,0,0,0,1,0,1,0,0,0,0,0,0,1,0,0,0,0,0,1,0,0,1
258,1,1,0,1,1,1,1,0,0,1,0,0,0,1,0,0,1,0,1,1,0,1
259,0,0,1,1,0,1,1,0,1,0,0,0,1,1,0,0,1,1,1,1,1,0
260,0,0,0,1,0,1,1,0,0,0,0,0,0,0,1,0,0,1,1,1,0,1
261,1,0,1,1,0,1,1,0,0,0,0,1,1,1,0,0,1,0,1,1,0,1
262,1,1,1,1,1,1,1,0,1,1,0,1,0,0,1,0,1,0,1,0,1,1
263,0,0,1,1,0,1,1,0,1,1,0,1,0,1,0,0,1,0,0,0,1,0
264,0,0,1,0,0,0,1,0,1,1,0,1,1,0,1,0,1,1,1,1,1,0
265,1,0,1,0,0,1,0,1,0,0,0,1,1,0,1,0,1,0,1,1,0,1
266,1,1,1,1,0,1,1,0,1,1,0,1,1,0,1,0,1,1,1,1,1,1
267,1,0,1,1,1,1,1,0,0,0,0,0,1,1,0,0,1,0,0,1,0,1
268,1,1,1,1,1,0,0,0,0,1,0,1,0,0,0,0,1,1,1,1,0,1
269,1,0,0,1,0,1,1,0,0,0,0,1,1,0,1,0,0,0,1,1,1,1
270,1,0,1,1,0,0,1,0,0,1,0,1,1,0,1,0,1,1,1,1,0,1
271,0,0,1,1,1,1,1,0,1,0,1,1,1,1,0,0,1,0,1,0,0,1
272,1,1,1,1,1,1,1,1,0,1,0,0,1,0,1,0,1,0,1,0,0,1
273,1,1,0,1,0,1,0,1,0,0,0,1,1,0,1,0,1,1,1,1,1,1
274,1,1,1,1,1,1,0,0,0,1,0,0,0,0,0,0,0,0,1,1,0,0
275,0,0,1,0,0,1,1,0,0,0,0,0,0,0,1,0,0,1,1,1,0,1
276,1,0,0,1,0,1,1,0,1,0,0,0,0,1,0,0,0,0,1,1,1,1
277,0,0,1,1,1,1,1,0,0,0,0,1,0,0,0,0,1,1,1,1,0,0
278,0,1,1,1,0,1,0,0,0,0,0,0,0,1,0,0,1,1,1,1,0,1
279,1,0,0,1,1,1,1,0,0,0,0,0,1,0,1,0,1,0,1,0,0,1
280,1,1,0,1,1,1,1,0,1,1,1,1,1,0,1,0,1,0,1,0,1,1
281,0,0,1,1,0,1,1,0,0,0,0,0,1,0,1,0,0,1,1,1,0,1
282,1,0,1,1,0,1,1,1,0,0,0,1,1,0,1,0,1,0,0,1,0,0
283,1,0,1,1,0,1,1,0,1,0,0,1,1,0,1,0,1,1,1,1,0,1
284,1,1,1,1,1,1,1,1,1,1,0,0,1,0,0,0,0,0,1,1,0,1
285,1,1,1,1,1,1,1,0,0,1,0,0,0,1,0,0,0,1,1,1,0,0
286,1,1,0,0,0,1,1,0,0,1,0,1,1,0,1,0,1,1,1,1,0,1
287,1,1,1,1,1,1,1,1,1,0,0,0,0,0,1,0,1,0,1,0,0,1
288,0,0,1,1,1,1,1,1,0,0,0,0,1,1,0,1,1,1,1,1,1,1
289,1,0,1,1,0,1,0,0,1,0,0,0,1,0,0,0,1,1,0,1,0,1
290,0,0,0,1,1,0,1,0,0,1,0,0,0,0,0,0,0,1,1,1,0,1
291,1,1,0,1,1,1,0,1,0,1,0,0,0,0,0,0,1,0,1,0,0,1
292,1,1,1,0,1,1,1,0,1,1,0,1,0,1,0,0,1,0,1,0,1,1
293,1,1,1,1,0,1,1,1,1,1,0,1,1,0,1,0,1,0,1,0,0,1
294,1,1,1,0,0,1,1,0,1,1,0,1,1,0,0,0,0,0,0,1,1,1
295,1,1,0,1,1,1,0,1,0,0,0,0,0,1,0,0,0,0,1,1,0,1
296,0,1,0,1,0,1,1,0,0,1,0,0,0,1,0,0,1,0,1,0,0,1
297,0,0,1,1,0,0,1,0,0,1,0,1,1,0,1,0,0,1,1,1,0,0
298,1,0,1,1,1,1,1,0,0,0,0,0,1,0,1,0,1,1,1,1,0,1
299,1,0,1,1,1,1,1,1,1,0,1,1,1,0,1,0,0,0,1,1,1,1
300,0,0,1,1,1,1,1,0,0,1,0,0,0,1,0,0,1,1,1,1,0,0
301,1,1,1,1,1,1,0,1,0,0,0,0,1,1,0,0,0,0,1,1,0,1
302,1,0,1,0,0,1,0,1,1,1,0,1,1,0,1,0,0,1,0,1,1,0
303,0,0,1,1,1,1,1,0,1,1,0,1,1,0,1,0,1,1,1,1,1,1
304,1,1,1,1,0,1,0,0,1,1,1,0,0,0,1,0,0,0,0,0,0,1
305,0,0,1,1,0,1,1,0,0,0,1,0,1,0,0,0,0,1,1,1,0,1
306,1,1,0,1,0,1,1,0,0,1,0,1,0,1,0,0,1,1,0,0,0,0
307,0,0,1,1,1,1,0,0,0,0,0,0,1,0,0,0,1,0,1,1,0,0
308,0,0,0,1,0,1,0,1,0,0,0,0,1,1,0,0,1,1,1,1,0,1
309,0,0,0,1,0,1,1,1,0,1,0,0,1,0,0,0,1,1,1,0,0,0
310,1,1,1,1,1,1,1,1,0,0,0,0,1,0,1,0,1,0,0,0,0,0
311,1,1,0,1,0,1,1,0,0,0,0,0,1,0,1,0,0,0,0,1,0,1
312,1,1,0,1,0,1,1,1,0,0,0,0,0,1,0,0,1,0,1,1,0,1
313,0,0,0,1,0,1,0,1,0,1,0,1,0,0,0,0,1,0,0,1,0,0
314,0,0,0,0,0,0,1,1,0,1,0,0,0,0,1,0,0,1,1,1,0,0
315,1,0,1,1,0,1,0,0,0,0,0,1,1,0,1,0,1,0,0,1,0,1
316,0,0,1,0,0,1,1,0,0,0,0,0,0,0,1,1,1,1,1,1,0,0
317,1,1,1,1,1,1,1,1,0,0,0,0,0,1,0,0,1,1,1,1,0,0
318,0,0,1,1,0,1,1,0,1,1,0,0,1,0,1,0,0,0,1,1,1,1
319,1,1,0,1,0,1,1,0,1,0,0,1,0,1,0,0,1,1,1,1,1,0
320,1,1,0,1,0,1,0,1,1,1,0,0,1,0,0,0,0,0,1,1,1,1
321,1,0,1,1,0,1,0,0,0,0,0,0,1,0,0,0,1,1,1,1,0,1
322,1,1,1,1,1,1,1,0,0,1,0,1,0,0,1,0,0,0,1,0,0,1
323,1,0,0,1,0,1,1,0,0,0,1,0,1,0,1,0,0,0,1,1,0,1
324,1,0,1,1,0,1,1,0,1,1,0,0,1,1,0,0,1,1,1,1,1,1
325,0,1,1,1,0,0,1,0,1,1,0,1,0,0,1,0,1,1,1,1,1,0
326,0,1,1,1,1,1,1,0,1,0,0,1,0,0,1,0,1,1,1,0,0,1
327,1,0,1,0,1,1,1,0,0,1,1,1,1,1,0,0,1,0,1,1,0,1
328,1,1,1,1,0,1,1,1,0,0,0,1,1,0,1,0,0,0,1,1,0,1
329,0,0,0,0,0,1,1,1,0,0,0,1,1,0,1,0,1,0,1,1,0,1
330,1,1,1,1,1,1,1,0,1,1,0,0,0,0,1,0,1,0,1,0,1,1
331,1,0,0,1,0,1,0,0,1,1,0,0,1,1,0,0,0,1,1,1,1,1
332,1,1,0,1,0,1,0,1,0,1,0,0,1,1,0,0,0,1,1,1,0,1
333,1,1,0,1,0,1,0,0,1,1,0,0,0,1,0,0,1,0,0,0,1,0
334,1,1,0,0,0,1,0,0,0,0,0,1,1,0,1,0,1,0,0,0,1,1
335,0,1,1,1,1,1,0,0,1,0,0,0,0,0,0,0,1,1,1,0,0,1
336,1,0,0,1,0,1,1,1,0,0,0,0,0,1,0,1,1,1,1,1,0,0
337,1,0,0,1,0,1,0,0,0,0,0,0,1,1,0,0,0,0,1,0,0,1
338,1,1,0,1,0,1,1,0,0,0,0,0,1,0,1,0,1,1,1,1,0,1
339,0,0,1,1,0,1,1,1,0,0,0,0,1,0,0,0,0,0,1,1,0,0
340,1,1,0,1,1,1,1,1,1,1,0,0,0,1,0,0,1,0,1,0,1,1
341,1,1,0,1,0,1,1,0,0,0,0,1,0,1,0,0,1,0,1,0,0,0
342,1,1,0,1,0,1,1,1,0,0,1,0,0,0,0,0,1,1,1,0,0,1
343,1,1,1,1,1,1,1,1,0,1,0,1,0,0,1,0,0,1,0,1,0,1
344,0,1,1,0,0,1,1,1,0,1,0,0,0,0,1,1,0,1,1,1,0,0
345,1,0,1,1,0,1,1,0,1,0,0,0,1,1,0,0,0,0,1,1,0,0
346,1,0,0,1,0,1,1,1,1,0,0,0,1,0,1,1,1,1,1,1,1,1
347,1,1,0,1,0,1,1,1,0,0,1,0,0,1,0,0,1,0,1,0,0,0
348,0,0,1,1,0,1,1,0,1,1,0,0,0,0,1,0,0,1,1,1,1,0
349,0,0,1,0,0,1,0,1,1,1,1,1,1,0,1,0,1,0,1,0,1,1
350,0,0,0,1,1,1,1,0,0,0,0,0,0,1,0,0,1,1,1,0,0,1
351,0,0,0,1,0,0,0,1,0,0,0,0,0,1,0,0,0,0,1,1,0,1
352,1,1,1,1,1,1,1,0,1,1,0,0,0,0,1,0,1,0,1,1,0,1
353,0,1,0,1,1,1,0,0,0,0,0,0,1,0,1,0,0,1,1,0,1,1
354,0,0,1,1,1,1,1,0,0,1,1,1,1,0,1,0,1,0,1,0,0,1
355,1,0,0,1,0,1,0,1,0,1,0,0,1,0,1,0,0,1,0,1,0,0
356,0,0,1,1,1,1,1,0,1,0,0,1,0,0,1,0,1,1,1,1,0,1
357,1,1,0,1,1,1,0,0,1,0,0,0,1,0,1,0,0,0,1,1,1,1
358,0,0,0,1,0,1,1,0,0,0,0,0,1,0,0,0,0,1,1,1,0,1
359,1,0,0,1,0,1,0,0,0,0,0,1,1,1,0,0,1,1,1,0,0,1
360,1,0,1,1,0,1,1,1,0,1,0,0,1,0,1,0,1,0,1,0,0,1
361,0,1,1,1,0,1,1,1,0,0,0,1,0,0,1,0,1,0,1,1,0,1
362,0,0,1,1,1,1,1,1,1,1,0,0,0,1,0,0,0,0,0,1,1,1
363,0,0,0,1,0,1,1,0,0,0,0,0,0,0,0,0,0,1,1,0,0,1
364,1,0,0,1,0,1,0,0,0,0,0,0,1,0,1,0,0,0,1,1,0,0
365,0,0,1,1,1,1,1,0,0,1,0,1,0,0,1,0,1,0,1,1,0,1
366,1,1,0,1,0,1,1,0,1,1,0,1,1,0,1,0,0,0,1,1,1,1
367,1,1,0,1,0,1,1,0,0,0,0,0,0,1,0,0,1,0,1,0,0,1
368,1,1,1,0,0,1,0,0,0,0,0,1,1,0,1,0,0,0,1,1,0,1
369,1,1,1,1,0,1,1,1,0,0,0,1,0,1,0,0,1,1,1,0,0,1
370,1,1,1,1,0,1,1,0,0,1,0,0,1,0,1,0,1,1,1,1,0,1
371,1,1,1,1,1,1,1,0,1,0,0,1,1,0,1,0,1,0,1,1,1,1
372,0,0,0,1,0,1,1,0,1,0,0,0,0,1,0,0,1,1,1,0,1,1
373,1,1,1,1,1,1,1,0,1,1,0,1,0,0,1,0,1,0,0,0,0,1
374,1,1,1,1,1,1,0,1,0,0,0,1,1,1,0,0,1,0,0,0,1,1
375,1,1,1,1,0,1,0,0,0,1,0,1,0,1,0,1,1,0,1,0,0,1
376,1,0,1,1,0,1,1,0,1,0,0,0,0,0,0,0,1,1,1,1,1,1
377,0,0,1,1,0,1,1,0,1,0,0,1,1,0,1,0,1,0,1,0,0,1
378,1,1,1,1,1,1,0,1,0,1,0,1,1,0,1,0,0,0,1,0,0,1
379,0,0,1,1,0,1,1,0,1,1,0,0,1,1,0,0,1,0,1,1,1,0
380,1,0,1,1,1,1,1,0,0,0,0,1,1,0,1,0,1,0,1,1,0,1
381,1,1,1,1,1,1,0,1,0,1,0,0,1,1,0,0,1,0,1,0,0,1
382,1,0,0,1,0,1,1,0,0,1,0,1,1,1,0,0,1,1,1,0,0,1
383,0,0,0,1,0,1,1,1,0,1,0,0,1,0,1,0,0,1,1,1,0,1
384,1,1,0,1,0,1,1,0,1,1,0,0,0,0,1,0,0,1,1,1,1,0
385,1,0,0,1,0,1,1,0,1,0,0,0,0,1,0,0,0,0,1,1,1,1
386,1,0,0,1,1,1,1,0,0,0,0,0,1,1,0,0,0,1,1,0,0,1
387,1,1,1,1,1,1,1,1,1,0,0,0,1,0,1,0,1,1,0,1,1,1
388,1,0,0,1,0,1,1,1,1,1,1,0,0,0,1,0,1,0,0,1,0,1
389,0,0,0,1,0,1,1,0,0,1,0,1,1,1,0,0,0,0,1,1,1,1
390,1,0,0,1,1,1,1,0,0,1,0,0,0,0,0,0,0,1,1,1,0,1
391,0,0,0,1,0,1,1,1,0,0,1,0,0,1,0,0,1,1,1,0,0,0
392,1,1,1,0,1,1,1,0,0,1,0,1,0,0,1,0,1,0,0,0,0,1
393,0,0,1,1,0,1,1,0,1,0,0,1,0,1,0,0,1,0,1,1,0,1
394,0,0,1,1,0,1,1,0,1,0,0,0,0,0,1,0,1,0,1,1,0,1
395,1,1,1,1,1,1,1,1,1,1,0,1,0,0,1,0,1,0,1,0,0,1
396,0,0,1,1,0,1,1,0,0,0,0,0,1,1,0,0,1,0,1,0,0,1
397,1,0,1,1,1,1,1,0,1,0,0,0,1,0,0,0,0,1,1,1,1,1
398,0,0,1,1,0,1,0,1,0,1,0,1,0,0,0,0,0,1,1,0,1,1
399,1,0,1,1,0,1,1,0,1,0,1,0,1,1,0,0,0,1,1,1,1,0
400,1,0,1,1,1,1,1,0,0,0,0,0,1,0,0,0,1,1,1,1,0,1
401,1,0,0,1,0,1,1,1,1,1,0,0,1,0,0,0,1,1,0,1,1,1
402,1,1,0,1,1,1,0,0,1,1,0,0,0,0,1,0,0,0,0,1,1,1
403,1,0,0,1,0,1,1,0,1,1,0,0,1,0,1,0,0,0,1,1,1,0
404,1,1,1,0,0,1,1,1,1,1,0,1,1,0,1,0,1,0,1,1,0,1
405,1,0,0,1,1,1,0,1,0,0,0,0,0,0,0,0,0,1,1,1,0,1
406,1,0,1,0,1,1,1,0,1,1,0,1,1,0,1,0,1,0,1,1,1,1
407,1,0,0,1,0,0,1,0,0,0,0,0,1,0,0,0,0,1,1,1,0,1
408,1,1,0,1,1,1,1,0,0,0,1,1,1,0,0,0,0,0,1,1,0,1
409,0,0,0,1,1,1,0,1,1,1,1,1,1,0,0,0,0,1,1,1,1,1
410,1,0,0,1,1,1,1,1,0,0,0,1,1,1,0,0,1,0,1,1,0,1
411,1,1,1,1,1,1,1,0,1,1,0,1,1,0,1,0,0,0,1,1,1,1
412,0,0,1,1,1,1,0,0,1,1,0,0,1,0,1,0,0,0,0,1,1,1
413,0,0,1,0,0,0,1,0,0,1,1,0,1,0,1,0,0,0,1,0,0,0
414,1,0,1,1,0,1,0,0,0,1,0,0,1,1,0,0,0,1,1,1,0,1
415,1,1,1,0,1,1,1,0,1,1,0,1,0,0,1,0,0,1,1,1,1,1
416,0,0,1,0,0,1,0,0,0,1,0,0,1,0,1,0,0,1,1,1,0,0
417,1,1,0,1,1,1,1,0,1,1,0,0,0,1,0,0,0,0,1,0,1,1
418,1,0,1,1,0,1,1,0,0,1,1,1,0,1,0,0,0,0,0,1,0,1
419,1,0,1,1,0,1,0,1,0,1,0,0,1,1,0,0,0,1,1,1,0,1
420,1,1,0,1,0,1,1,0,0,1,1,1,0,1,0,0,1,0,1,0,0,1
421,0,0,0,1,0,1,1,1,0,1,0,0,1,0,1,0,0,0,1,1,0,1
422,0,0,1,0,0,1,1,1,1,1,0,1,0,0,1,0,1,1,1,1,1,0
423,1,0,1,1,0,1,1,0,1,0,0,1,1,0,1,0,1,1,1,1,1,1
424,0,0,0,1,1,1,0,1,0,0,0,1,0,1,0,0,0,1,0,1,0,1
425,1,0,0,1,1,1,1,1,0,1,0,0,0,0,0,0,1,0,1,0,0,1
426,1,0,0,1,0,1,1,0,1,0,0,1,1,0,1,0,0,0,1,1,1,1
427,1,0,1,1,0,1,1,0,1,0,1,0,1,0,1,0,1,1,1,1,1,1
428,0,0,0,1,0,1,1,0,0,0,0,1,0,0,1,0,1,0,1,1,0,1
429,1,0,1,0,0,1,0,0,1,1,0,0,0,1,0,0,1,0,1,0,1,0
430,0,1,1,1,0,1,1,0,0,1,0,1,0,0,1,0,1,1,1,1,0,0
431,1,1,0,1,1,1,0,1,0,0,0,0,0,0,1,0,1,0,0,1,1,1
432,0,0,1,1,1,1,1,0,1,0,0,0,1,0,1,0,1,0,1,0,1,1
433,1,0,1,1,1,1,1,0,1,1,0,0,1,0,0,0,0,1,1,1,1,1
434,0,0,0,1,0,1,1,0,0,0,0,0,1,0,1,0,0,1,1,1,0,1
435,0,0,0,1,1,1,0,1,0,0,0,0,0,0,0,0,0,1,1,1,0,1
436,0,0,0,1,0,1,1,0,0,1,1,1,0,0,0,0,1,1,1,0,0,0
437,1,0,1,1,1,1,1,0,1,1,1,1,1,1,0,0,1,1,1,1,1,1
438,1,1,1,1,0,1,1,0,1,1,0,0,1,0,1,0,1,0,1,1,1,0
439,0,0,0,1,0,1,0,1,0,1,0,0,1,1,0,0,0,1,1,1,0,0
440,0,0,1,1,1,1,1,0,0,1,0,1,1,0,1,0,1,0,1,1,0,1
441,0,0,0,1,0,1,1,0,0,0,0,0,0,1,0,0,1,1,1,1,0,1
442,1,0,0,1,1,1,1,1,1,0,0,0,0,0,1,0,1,0,0,1,1,1
443,0,0,1,0,0,1,0,0,0,1,0,1,1,0,1,0,1,0,0,1,0,0
444,1,1,0,1,1,1,0,1,1,0,0,0,0,1,0,0,1,0,1,1,0,1
445,0,0,1,1,0,1,1,0,1,1,0,1,1,1,0,0,1,1,1,0,1,0
446,1,0,1,1,1,1,0,0,0,1,0,0,1,1,0,0,1,0,1,1,0,1
447,0,0,1,1,0,1,1,1,0,0,0,0,0,0,1,1,0,1,1,1,0,1
448,0,0,1,1,1,1,1,1,0,0,0,1,1,1,0,0,1,1,1,1,0,1
449,1,0,1,1,0,1,0,1,1,1,1,0,1,0,0,0,1,1,0,1,1,1
450,1,1,0,1,1,1,1,0,1,1,0,0,1,0,1,0,0,0,1,1,0,1
451,0,0,0,1,0,1,1,0,0,0,0,0,1,1,0,0,0,1,1,1,0,1
452,0,0,1,1,0,1,1,0,0,0,0,1,0,0,1,0,1,1,1,1,1,1
453,1,0,1,1,1,1,1,0,0,1,0,1,1,0,1,0,1,0,1,1,0,1
454,1,1,1,1,1,1,0,0,0,1,0,1,0,0,1,0,1,1,1,1,0,1
455,1,0,0,1,1,1,1,0,0,1,0,0,1,1,0,0,0,0,1,1,0,1
456,0,1,1,0,0,1,1,0,1,1,0,0,0,0,1,0,0,1,1,0,1,1
457,0,1,1,1,1,1,0,0,0,1,0,1,1,0,1,0,1,0,1,0,0,1
458,0,0,0,1,0,1,1,0,0,0,0,0,1,1,0,0,0,1,1,1,0,1
459,1,1,1,1,1,1,1,0,0,0,0,0,1,0,1,0,0,0,1,1,0,1
460,1,1,1,0,0,1,1,0,0,0,0,0,0,0,1,1,0,1,1,1,0,1
461,1,0,1,1,0,1,1,0,0,1,0,0,0,0,1,0,1,1,1,1,0,1
462,0,1,1,1,0,1,1,1,0,0,0,0,1,1,0,0,0,1,1,0,0,1
463,0,0,1,1,0,1,1,1,0,0,0,1,1,0,1,0,1,1,1,1,1,1
464,1,0,1,1,1,1,1,0,0,1,0,1,1,0,1,0,0,0,0,1,1,1
465,1,1,1,0,1,1,1,0,0,1,0,0,1,0,1,1,1,0,0,1,0,1
466,1,0,0,1,1,1,0,0,1,0,0,0,1,1,0,0,0,0,1,0,0,0
467,1,1,1,0,0,1,1,0,1,0,0,1,1,0,1,0,1,0,0,1,1,1
468,1,0,0,1,1,1,1,0,1,1,0,0,0,1,0,0,0,0,1,1,1,1
469,1,1,1,1,1,1,1,0,1,1,0,1,1,0,1,0,1,0,1,1,1,0
470,1,1,0,1,1,1,0,1,0,0,0,0,1,0,0,0,0,0,1,0,0,1
471,0,0,0,1,0,1,0,0,0,1,0,0,1,1,0,0,1,1,1,1,0,1
472,0,0,0,1,0,1,0,0,0,1,0,0,1,0,1,0,1,0,1,1,0,0
473,0,0,1,0,1,1,1,0,0,0,0,0,1,0,1,0,1,1,1,1,0,1
474,1,0,1,1,0,1,0,1,1,0,0,0,1,0,0,0,0,0,1,1,0,1
475,1,1,0,1,0,1,0,0,0,0,0,0,0,1,0,0,1,1,1,0,0,1
476,1,0,0,1,0,1,1,0,0,1,1,0,1,0,1,0,1,0,1,1,0,1
477,1,1,0,1,0,1,1,1,0,0,0,1,1,0,1,0,0,0,0,1,0,1
478,0,0,1,1,0,1,1,1,0,1,0,1,1,0,1,0,1,1,1,1,0,0
479,1,0,1,0,1,1,1,0,1,0,0,1,1,0,1,0,1,0,1,1,1,1
480,0,1,0,1,0,1,1,1,1,0,0,0,0,1,0,0,0,1,1,1,0,0
481,1,0,0,1,0,1,1,1,0,1,0,0,1,0,1,0,0,1,1,1,0,1
482,1,1,1,1,1,1,1,0,0,0,1,1,1,1,0,0,1,1,1,0,1,1
483,1,0,0,1,0,1,1,0,1,0,1,1,1,1,0,0,0,1,1,1,1,1
484,0,0,1,1,1,1,1,0,1,1,1,0,1,0,1,0,1,1,1,1,0,1
485,0,0,1,1,1,1,0,1,1,1,0,0,1,0,1,0,1,1,1,1,0,1
486,0,1,1,1,1,1,1,0,0,0,0,0,0,0,1,0,1,0,1,1,0,1
487,1,1,1,1,1,1,1,0,0,1,0,1,1,1,0,0,1,0,1,0,0,1
488,0,0,1,1,0,0,1,0,0,1,0,0,1,0,1,0,0,1,1,0,0,0
489,0,1,0,1,0,1,1,0,0,1,0,0,0,0,1,1,1,1,1,0,0,1
490,0,0,0,1,0,1,1,0,1,0,0,1,0,0,1,0,0,0,1,1,1,1
491,1,1,1,1,1,1,0,1,0,1,0,1,0,1,0,0,1,0,1,0,1,1
492,0,0,0,1,0,1,1,0,1,0,0,0,0,1,0,0,0,1,1,1,1,1
493,0,0,1,1,0,1,1,1,0,0,0,1,1,0,1,0,1,1,1,1,0,1
494,0,0,1,0,0,0,1,0,1,1,0,0,1,0,1,0,0,1,1,0,1,0
495,1,1,0,1,0,1,0,0,0,0,0,0,0,0,0,0,1,0,1,1,0,1
496,1,1,0,1,1,1,0,1,0,0,0,0,1,0,1,0,0,0,1,0,0,1
497,1,0,1,1,0,1,1,0,1,0,0,1,1,0,1,0,1,1,1,1,1,1
498,1,0,1,1,0,1,1,1,0,0,0,1,1,0,0,1,0,1,1,1,0,0
499,0,0,0,0,1,1,1,1,1,1,0,1,0,0,0,0,1,0,1,1,1,1
500,1,1,0,1,0,1,0,0,0,1,0,0,1,1,0,0,0,1,1,1,0,1
501,1,1,1,0,0,1,1,0,0,1,0,1,0,0,1,0,1,0,1,0,0,1
502,0,0,1,1,0,1,1,1,0,0,0,1,0,0,0,0,1,1,1,1,0,1
503,1,0,1,0,0,1,0,1,1,0,0,0,1,0,1,0,1,0,0,1,1,1
504,1,0,0,1,0,1,0,0,0,1,0,0,1,1,0,0,1,1,1,0,0,1
505,0,0,0,1,0,1,0,0,0,1,0,0,1,0,1,1,1,1,1,1,0,0
506,1,0,1,1,1,1,1,1,1,1,1,0,0,0,1,0,0,0,1,1,0,1
507,1,1,1,0,1,1,0,1,0,1,0,0,0,0,1,0,0,1,1,1,0,1
508,1,0,0,1,0,1,1,0,0,0,0,0,1,0,0,0,0,1,1,1,0,1
509,1,1,1,1,1,1,1,0,0,1,0,1,1,0,1,0,0,0,1,1,0,1
510,0,0,0,1,0,1,0,0,0,1,0,1,1,0,1,0,0,1,1,1,0,1
511,1,1,1,1,1,1,1,0,0,1,0,0,0,0,1,0,0,0,1,0,0,1
512,1,0,0,1,1,1,1,1,0,1,0,1,0,0,1,0,1,1,1,0,0,1
513,0,0,0,1,0,1,1,1,1,0,0,0,1,0,0,0,1,1,1,0,1,1
514,1,0,1,1,0,1,1,0,0,1,0,0,1,0,1,0,0,1,1,1,0,1
515,0,0,1,1,0,0,1,0,1,1,0,1,1,1,0,0,1,1,1,1,1,1
516,0,0,1,0,0,0,1,0,1,1,0,0,0,0,1,0,1,1,1,1,0,0
517,1,1,0,1,1,1,0,0,1,0,0,0,0,1,0,0,1,1,1,0,1,1
518,0,0,1,1,1,1,1,0,0,1,0,1,1,0,1,0,0,1,1,1,0,1
519,0,0,1,1,0,1,1,0,1,0,0,1,1,0,1,0,1,0,1,0,1,1
520,1,1,1,1,0,1,1,0,1,1,0,1,1,0,1,0,1,0,1,0,1,1
521,1,1,0,1,0,1,0,0,0,0,0,0,0,1,0,0,0,1,1,1,0,1
522,1,1,1,0,0,1,0,0,0,0,0,0,1,0,1,0,1,0,1,0,1,1
523,1,1,0,1,0,1,1,0,0,1,0,1,1,1,0,0,1,0,1,1,0,1
524,1,0,0,0,0,1,1,1,0,0,0,0,1,1,0,1,1,1,1,1,0,0
525,1,1,0,1,0,1,1,1,0,1,0,0,0,0,1,0,1,0,1,1,1,1
526,1,0,1,1,0,1,1,0,1,1,0,0,1,1,0,0,1,0,1,1,0,1
527,0,0,1,0,0,1,1,0,1,0,0,1,0,0,1,0,0,1,1,1,1,0
528,1,0,1,1,0,1,0,0,0,0,0,0,1,0,0,0,1,0,1,0,0,1
529,0,0,1,0,1,1,1,0,0,1,0,0,1,0,1,0,1,1,1,1,0,0
530,1,0,1,0,0,1,1,1,0,1,0,1,1,0,1,0,0,0,1,1,1,1
531,1,0,0,1,1,1,0,1,0,1,0,0,0,1,0,0,1,0,1,0,1,1
532,0,0,1,1,0,1,1,0,1,1,0,0,1,0,0,0,1,1,1,0,0,1
533,1,0,0,1,1,1,1,0,0,0,0,1,1,0,0,0,1,1,1,1,0,1
534,1,1,0,1,0,1,1,0,0,0,0,0,1,0,1,0,0,0,1,1,1,1
535,1,0,1,1,0,1,0,1,1,1,0,0,0,0,0,0,0,0,1,0,0,1
536,0,0,1,1,1,1,1,0,0,1,0,0,1,1,0,0,1,1,1,1,0,1
537,1,1,1,1,1,1,1,1,1,0,0,1,1,1,0,0,1,1,1,1,0,1
538,1,1,1,1,0,1,0,0,0,1,0,1,1,0,1,0,1,0,0,0,0,1
539,1,1,1,1,0,1,1,1,0,0,0,0,0,1,0,0,0,1,0,1,0,0
540,0,0,0,1,0,1,0,1,0,0,0,0,0,0,0,0,0,1,1,0,0,1
541,1,0,1,1,1,1,1,0,1,1,0,1,1,0,1,0,1,0,1,0,1,1
542,1,1,1,1,0,1,0,0,0,0,0,1,1,0,1,0,1,1,1,1,0,1
543,1,1,1,0,0,1,0,1,0,0,0,0,0,0,1,0,0,1,1,1,0,0
544,0,0,1,1,0,1,1,0,1,1,0,1,1,0,1,0,1,1,1,1,1,0
545,1,0,1,0,0,1,0,0,1,1,0,0,1,0,1,0,0,1,1,0,1,1
546,1,0,1,1,1,1,1,0,1,1,0,0,1,1,0,0,1,0,1,1,0,1
547,1,0,1,0,0,1,1,0,0,0,0,1,1,0,1,0,0,0,0,1,0,1
548,0,0,0,1,0,1,0,0,0,0,0,0,1,1,0,0,1,1,0,1,0,0
549,1,1,1,1,1,1,1,0,1,1,0,1,0,0,1,0,0,0,1,0,1,1
550,0,0,0,1,0,1,1,0,1,1,0,1,1,1,0,0,1,1,1,1,1,1
551,0,0,1,0,0,1,1,0,0,0,1,1,0,0,1,0,1,1,0,1,0,0
552,1,1,1,1,1,1,0,0,0,0,0,1,0,0,0,1,0,1,1,1,1,1
553,0,0,0,1,0,1,1,1,1,1,0,0,1,0,1,0,0,0,1,1,0,1
554,0,0,1,1,1,1,1,1,0,1,0,1,1,1,0,0,1,1,1,1,1,1
555,0,0,0,1,0,1,0,1,0,0,0,0,0,0,1,0,0,0,0,1,0,1
556,1,0,0,1,0,1,0,1,0,1,0,0,1,1,0,0,1,0,1,1,1,1
557,1,1,0,1,1,1,0,0,0,1,0,0,0,1,0,0,1,1,0,1,1,1
558,1,1,0,1,0,1,0,0,0,0,0,1,1,0,1,0,1,0,0,1,0,1
559,1,0,1,1,0,1,0,1,1,0,0,0,0,0,1,0,0,1,1,1,1,0
560,1,1,1,0,1,1,1,0,0,1,0,1,1,0,1,0,1,0,0,0,0,1
561,1,0,0,1,0,1,0,0,0,0,0,1,1,0,1,1,1,0,0,0,0,0
562,0,0,0,1,0,1,1,1,1,0,0,0,0,1,0,0,0,1,0,1,0,1
563,1,1,1,1,1,1,0,1,0,1,0,0,0,0,1,0,1,0,1,0,0,1
564,1,1,1,1,1,1,1,1,1,1,0,0,1,0,1,0,0,1,0,1,1,1
565,1,0,0,1,1,1,1,1,1,0,0,1,1,1,0,0,0,1,1,0,1,1
566,0,0,1,1,0,1,0,0,0,1,0,1,0,0,0,0,1,0,1,1,0,1
567,1,0,1,1,0,1,1,0,1,0,1,1,0,0,1,0,0,0,1,1,0,1
568,1,1,1,0,1,1,1,1,0,0,0,1,1,0,1,0,0,0,1,1,1,1
569,1,1,1,1,1,1,0,0,0,0,0,0,1,1,0,0,0,0,1,1,0,1
570,1,1,0,1,1,1,0,0,0,0,0,0,1,1,0,0,1,1,1,0,0,0
571,1,1,1,1,0,1,1,0,1,0,0,1,1,0,1,0,0,0,1,1,0,1
572,1,1,0,1,1,1,1,0,0,1,0,0,0,1,0,0,1,1,1,0,0,1
573,1,0,0,1,0,1,1,0,0,1,0,0,1,1,0,0,1,1,1,1,0,0
574,0,0,0,1,0,1,1,1,0,0,0,1,1,0,1,0,1,0,1,1,1,0
575,1,0,0,1,0,1,1,0,1,0,0,1,0,1,0,0,1,0,0,1,1,1
576,0,1,0,1,0,1,1,1,0,0,0,1,0,1,0,0,0,1,1,1,0,1
577,1,0,1,1,1,1,1,0,1,1,0,0,1,1,0,0,0,0,1,1,1,1
578,1,1,0,1,0,1,0,1,1,1,0,0,1,0,0,0,1,0,1,1,1,1
579,1,0,0,1,0,1,1,0,0,0,0,0,1,0,0,0,1,0,1,1,1,0
580,1,0,0,1,0,1,0,1,1,1,0,1,1,0,1,1,1,1,0,1,1,1
581,0,1,1,0,0,1,1,1,1,1,0,0,0,0,1,0,1,1,0,1,1,0
582,0,0,0,1,0,1,1,0,0,0,0,0,1,1,0,0,0,1,1,0,0,1
583,1,0,1,1,0,1,0,1,0,1,0,0,1,0,1,0,0,0,1,0,0,0
584,0,0,1,1,1,1,1,0,0,1,0,1,1,1,0,0,1,0,1,0,0,1
585,1,0,0,1,0,1,0,0,0,0,0,0,0,1,0,0,1,1,0,0,0,1
586,0,0,1,0,0,1,1,0,1,1,0,0,0,0,1,0,0,1,1,0,1,1
587,0,0,0,1,0,1,1,0,0,0,0,0,1,0,1,1,0,1,1,1,0,0
588,1,0,1,1,1,1,0,0,0,0,0,0,1,0,0,0,1,1,1,1,0,0
589,0,0,1,1,0,1,0,0,1,0,0,1,1,0,1,0,1,1,1,1,1,1
590,0,0,1,1,1,1,1,0,1,0,0,1,1,1,0,0,1,1,1,1,1,0
591,1,0,1,1,1,1,1,1,1,1,0,0,1,1,0,0,1,0,1,0,1,1
592,1,0,1,1,0,1,1,0,0,1,1,1,1,1,0,0,1,1,0,1,0,0
593,1,0,0,1,1,1,0,1,0,1,0,0,1,1,0,0,1,1,1,0,0,0
594,1,0,1,1,1,1,0,0,0,0,0,1,1,0,1,0,1,0,0,1,0,1
595,0,0,1,1,0,1,0,1,0,1,0,0,0,1,0,0,0,1,0,1,0,0
596,1,0,0,1,0,1,0,0,0,1,0,1,1,1,0,0,1,0,1,0,1,1
597,1,1,1,1,1,1,0,1,0,1,0,0,0,0,1,0,1,1,1,1,1,0
598,1,0,1,1,0,1,0,0,1,1,0,1,0,0,1,0,0,1,0,1,1,1
599,1,1,1,1,0,1,1,0,1,1,0,0,0,0,1,0,0,0,1,0,0,1
600,0,0,1,1,0,1,1,1,0,0,0,0,0,1,0,1,0,1,1,1,0,1
601,0,0,0,1,0,1,0,1,0,0,0,0,1,1,0,0,0,1,1,1,0,1
602,1,0,1,1,0,1,0,1,0,1,0,1,1,1,0,0,1,0,0,0,0,0
603,1,1,0,1,1,1,0,0,0,0,0,0,1,1,0,0,0,0,1,1,0,1
604,0,0,0,1,0,1,1,1,0,0,0,0,1,1,0,0,0,1,1,1,0,1
605,1,1,0,1,1,1,1,0,0,0,1,0,1,0,1,0,1,1,0,1,0,1
606,1,1,1,1,1,1,1,0,1,1,0,0,1,0,1,0,0,1,1,1,0,1
607,1,0,1,1,0,1,0,1,0,0,0,0,1,1,0,0,1,0,1,0,0,1
608,1,0,1,1,0,1,1,0,0,0,0,0,1,0,1,0,0,1,1,1,0,1
609,1,0,1,0,0,1,1,0,0,1,0,1,1,0,1,0,1,0,0,0,0,1
610,0,0,0,1,0,1,0,0,0,0,0,0,1,1,0,0,1,1,1,1,0,1
611,0,0,1,0,0,1,0,1,0,1,0,1,0,1,0,0,1,0,1,0,0,0
612,1,1,0,1,0,1,1,0,0,0,1,0,1,1,0,0,0,0,0,1,0,1
613,1,1,0,1,0,0,1,0,0,1,0,0,0,1,0,1,1,0,0,0,0,1
614,1,0,0,1,0,1,0,0,1,0,0,1,1,1,0,0,0,1,1,1,0,1
615,1,1,1,1,1,1,1,1,0,1,0,0,0,0,1,0,0,0,0,1,0,1
616,1,1,0,1,0,1,1,1,1,0,0,0,0,0,1,0,0,0,1,0,0,1
617,0,1,1,0,0,1,1,0,1,1,0,0,0,0,1,0,1,1,1,0,1,1
618,1,1,0,1,0,1,0,1,0,0,0,0,0,1,0,0,1,0,1,0,0,1
619,0,0,1,1,0,1,1,0,0,1,0,0,1,0,0,0,0,1,1,1,0,0
620,1,1,0,1,0,1,1,1,1,1,0,1,0,0,1,0,1,1,1,1,1,1
621,1,0,1,1,0,1,0,0,1,1,0,0,1,0,1,0,0,1,0,1,1,1
622,1,1,1,1,0,1,0,0,0,1,0,0,1,0,0,0,0,1,0,1,0,1
623,0,0,0,1,0,1,1,0,0,0,0,0,1,1,0,0,0,0,1,0,0,1
624,1,0,1,1,0,1,0,0,0,0,0,0,1,0,1,0,1,0,1,0,1,1
625,1,0,1,1,0,1,1,0,0,0,0,1,1,0,1,0,0,0,1,1,0,1
626,0,0,1,1,1,1,1,1,0,0,0,0,0,0,1,0,0,1,1,1,0,1
627,0,0,0,1,0,1,0,1,0,1,0,1,0,0,1,0,1,0,1,1,0,1
628,1,1,1,1,1,1,1,0,1,0,1,0,1,0,1,0,1,1,1,1,1,1
629,0,1,1,1,0,1,1,0,0,1,0,1,0,0,1,0,1,1,1,1,0,0
630,1,1,0,1,0,1,1,0,0,0,0,0,0,1,0,0,1,0,1,1,0,1
631,1,0,1,1,0,1,0,0,0,0,0,0,1,0,1,0,1,0,0,1,0,1
632,1,0,0,1,0,1,1,1,0,0,0,0,1,0,1,0,0,1,1,1,0,1
633,0,0,0,1,0,1,0,0,0,0,0,0,0,1,0,0,0,0,1,0,1,1
634,1,0,0,1,1,1,0,1,0,1,0,0,1,1,0,0,1,0,1,1,0,0
635,0,0,1,0,1,1,1,0,0,1,0,1,1,0,1,0,1,1,0,1,1,1
636,1,0,0,1,0,1,1,0,0,0,1,1,1,1,0,0,0,0,1,1,0,1
637,1,1,0,1,1,1,1,0,1,0,0,1,0,0,1,0,1,0,1,1,1,1
638,0,0,1,0,0,1,1,0,0,0,0,0,1,1,0,0,1,0,1,1,0,1
639,1,1,0,0,1,1,0,0,1,0,0,1,1,0,1,0,0,1,0,1,1,1
640,1,0,0,1,0,1,0,0,0,1,0,0,1,1,0,0,0,1,1,1,0,0
641,1,0,1,1,0,1,1,1,0,1,0,1,1,0,1,0,1,0,1,1,1,0
642,1,1,1,1,1,1,0,0,0,1,0,0,1,0,1,0,0,1,1,1,0,1
643,1,0,1,1,1,1,1,0,1,0,0,1,1,0,0,1,0,0,1,1,1,1
644,1,0,1,1,1,1,1,0,1,0,0,1,1,0,0,0,0,1,1,1,1,1
645,1,1,0,1,1,1,0,0,1,1,0,0,1,0,1,0,1,0,1,0,1,1
646,1,1,1,1,0,1,1,0,0,0,0,0,0,0,0,1,0,1,1,1,1,1
647,0,0,0,1,0,1,0,0,0,1,1,0,0,1,0,0,0,1,1,1,0,1
648,1,0,1,0,0,1,0,1,0,1,0,1,1,0,1,0,1,0,0,0,0,1
649,0,0,1,0,0,1,0,0,0,1,0,0,1,0,1,0,1,0,1,0,0,0
650,1,1,1,1,1,1,1,0,0,1,0,1,1,0,1,0,0,0,1,0,0,1
651,0,0,1,1,0,1,0,1,0,0,0,0,1,0,1,0,0,1,1,1,0,0
652,1,0,1,1,0,1,0,0,0,1,0,1,1,0,1,0,0,1,1,1,0,1
653,1,1,1,1,1,1,0,1,1,1,0,1,0,0,1,0,1,0,1,1,1,1
654,1,0,1,1,1,1,1,0,1,1,0,1,1,0,1,0,1,0,1,1,1,1
655,1,1,0,1,0,1,1,0,0,1,0,0,0,0,1,0,1,0,1,0,0,1
656,0,0,1,0,0,1,0,1,0,1,0,1,1,0,1,0,1,0,0,1,0,0
657,1,1,1,1,1,1,1,0,0,0,0,1,1,0,1,0,1,0,0,1,0,1
658,1,1,0,1,0,1,1,1,0,1,0,0,0,1,0,0,0,0,1,1,1,1
659,1,1,1,1,1,1,1,1,1,0,0,1,0,0,1,0,0,0,1,1,0,1
660,0,0,0,1,0,1,1,1,0,0,0,0,1,0,0,0,1,1,1,0,0,1
661,0,0,0,1,0,1,0,0,0,1,0,0,1,0,0,0,0,0,1,1,0,1
662,1,0,1,1,0,1,1,0,0,0,0,1,1,0,1,0,0,1,1,1,1,1
663,0,0,1,1,1,1,1,1,1,0,0,0,1,0,1,0,0,1,0,1,1,1
664,0,0,1,1,0,1,1,1,1,1,0,0,0,1,0,0,1,1,1,1,0,0
665,1,1,0,1,1,1,1,0,1,0,0,0,1,0,1,0,0,0,0,1,1,1
666,1,1,1,0,1,1,1,1,0,0,1,0,1,0,1,0,0,0,0,1,0,1
667,1,1,0,1,0,1,1,0,0,1,0,0,0,1,0,0,0,1,0,1,0,1
668,0,1,1,1,1,1,0,0,1,1,0,1,1,0,1,0,1,1,1,0,1,1
669,1,1,1,1,0,1,1,1,1,0,0,1,1,0,1,0,1,1,1,1,0,1
670,1,1,0,1,1,1,1,0,1,1,0,0,1,0,1,0,1,1,1,1,1,0
671,1,1,1,1,1,1,1,0,0,1,0,1,0,0,1,0,0,0,1,1,1,1
672,1,1,1,1,1,1,1,0,0,1,0,1,0,0,1,0,1,1,1,1,0,1
673,0,0,0,1,0,1,1,0,1,1,1,0,0,0,0,0,0,0,1,1,0,1
674,1,0,1,0,0,1,0,0,1,1,1,0,1,0,1,0,0,1,0,1,0,0
675,1,1,0,1,1,1,1,0,1,0,0,1,1,1,0,0,1,0,1,0,0,1
676,1,1,1,1,1,1,1,0,1,0,0,1,1,0,1,0,1,0,1,1,0,1
677,1,1,0,1,0,1,0,1,0,0,0,0,0,0,0,0,0,0,1,1,0,1
678,1,0,1,1,0,1,1,0,0,0,0,1,1,0,1,0,1,1,0,0,0,0
679,1,0,0,1,0,1,1,0,0,0,0,0,1,1,0,0,0,1,1,1,0,1
680,0,0,1,1,0,1,1,0,0,1,0,0,0,1,0,0,0,0,1,1,0,1
681,0,0,1,1,1,1,1,0,0,0,0,0,1,0,1,0,1,0,1,0,0,1
682,1,0,1,1,0,1,1,0,1,0,0,0,1,0,0,0,1,1,0,1,1,1
683,1,1,1,1,1,1,1,0,1,0,0,0,1,0,0,0,1,0,1,0,1,1
684,1,1,1,0,1,1,1,1,1,1,0,1,0,0,1,0,1,1,1,1,1,0
685,1,1,1,0,1,1,1,0,0,1,0,0,1,0,1,0,1,0,1,0,0,1
686,0,0,0,1,1,1,1,1,1,0,0,1,1,0,1,0,0,1,1,1,1,1
687,1,1,0,1,0,1,1,1,1,1,0,1,1,0,1,0,1,0,1,0,0,1
688,0,0,1,1,1,1,1,0,0,0,0,1,1,0,1,0,1,0,1,1,0,1
689,0,1,1,0,0,1,1,0,0,1,1,0,0,0,1,0,1,1,1,1,0,1
690,1,0,0,1,0,1,1,0,1,0,0,0,0,0,0,0,1,1,1,1,1,1
691,1,0,0,1,0,1,1,1,0,1,0,0,1,1,0,0,0,1,1,1,0,0
692,1,1,0,1,0,1,1,1,0,0,0,0,0,0,1,0,0,0,1,1,0,1
693,0,1,1,0,0,1,1,0,1,1,0,0,0,0,1,0,1,1,1,1,1,0
694,1,0,0,1,1,1,1,0,0,0,0,1,1,0,1,0,0,0,1,1,0,1
695,0,0,1,1,0,1,1,0,0,1,1,0,0,0,1,0,1,1,1,0,0,1
696,0,0,0,1,0,0,1,1,0,0,0,1,1,0,1,1,1,1,1,1,1,1
697,0,0,1,1,0,1,1,0,1,1,0,0,0,1,0,0,0,1,1,1,0,0
698,1,0,0,1,0,1,1,0,1,0,0,0,1,0,1,0,0,0,1,1,1,1
699,1,0,1,1,1,1,1,1,0,1,0,1,1,0,1,0,1,0,1,0,0,1
700,0,0,0,1,0,1,0,0,0,0,1,0,1,1,0,0,1,0,1,0,0,0
701,1,1,1,1,1,1,0,0,1,1,0,1,1,0,1,0,1,0,1,0,1,1
702,1,0,1,1,1,1,1,1,0,0,0,1,1,1,0,0,0,0,1,0,0,1
703,1,0,1,1,0,1,1,1,1,1,0,1,1,0,1,0,0,1,0,1,1,1
704,1,0,1,0,1,1,1,1,0,1,0,0,1,1,0,0,0,1,1,1,0,1
705,1,1,1,1,0,1,1,0,0,1,1,1,0,1,0,0,1,0,1,0,0,1
706,1,1,0,1,0,1,0,1,0,1,0,1,1,0,1,0,0,1,1,1,0,1
707,0,1,0,1,0,1,0,1,0,0,0,0,1,1,0,0,1,1,1,0,1,1
708,0,0,0,1,0,1,1,1,0,0,0,1,1,1,0,0,1,1,1,1,0,1
709,0,0,1,0,0,1,1,1,0,0,0,0,0,0,1,0,0,1,1,1,0,0
710,1,0,1,1,1,1,1,0,1,0,1,1,1,0,1,0,1,1,0,1,1,1
711,0,0,1,1,0,1,0,0,0,1,0,1,1,1,0,0,1,0,1,0,0,1
712,1,0,1,1,1,1,1,0,0,1,0,1,1,0,1,0,1,1,1,1,0,1
713,0,0,0,1,0,1,1,0,1,0,0,0,1,0,1,0,1,1,1,1,1,0
714,1,1,0,1,1,1,0,1,0,1,0,1,1,0,1,0,0,0,1,1,0,1
715,1,1,1,1,0,1,1,0,1,1,0,1,0,0,1,0,1,0,1,1,1,1
716,1,1,1,0,1,1,1,0,1,0,0,1,1,0,1,0,0,0,1,1,1,1
717,1,0,1,1,1,1,1,0,0,0,0,0,1,0,1,0,0,0,1,0,0,1
718,1,1,1,1,1,1,1,1,1,0,0,0,1,0,1,0,0,0,1,1,1,1
719,1,1,1,1,1,1,1,1,0,1,0,1,1,0,0,0,1,0,0,1,1,1
720,0,0,1,1,1,1,0,1,0,0,0,0,1,0,1,0,0,0,1,1,1,1
721,0,0,0,0,0,1,0,1,0,1,1,0,1,1,0,0,0,1,0,0,0,1
722,0,0,0,1,0,1,0,0,0,1,0,0,1,1,0,0,0,1,1,1,0,0
723,0,0,1,1,0,1,1,1,0,0,1,0,1,1,0,0,1,1,1,1,0,0
724,1,0,0,1,0,1,0,0,0,1,0,0,1,1,0,0,1,1,1,0,0,1
725,0,0,1,1,0,1,1,0,1,1,1,0,0,1,0,0,0,1,0,1,1,0
726,1,0,1,1,0,1,1,0,1,0,1,0,0,0,0,0,0,1,1,1,1,0
727,1,0,0,1,0,1,0,0,0,0,0,0,1,1,0,0,1,0,0,0,1,1
728,1,1,1,1,0,1,0,1,0,1,0,1,1,1,0,0,1,0,1,0,0,1
729,1,0,1,1,1,1,1,1,1,1,1,0,0,0,0,0,1,1,1,1,1,1
730,1,1,1,1,0,1,1,1,1,0,0,0,0,0,1,0,0,0,1,1,0,1
731,1,0,0,0,0,1,0,0,0,0,0,0,0,0,1,0,1,1,1,0,0,0
732,0,0,1,1,0,1,1,1,0,0,0,1,1,1,0,1,0,1,1,1,0,0
733,1,0,0,1,1,1,1,0,0,1,1,0,0,1,0,0,1,0,1,0,0,1
734,0,1,1,0,0,1,1,0,1,1,0,1,0,1,0,0,0,1,1,1,0,1
735,1,1,0,1,0,1,1,1,0,0,0,0,1,1,0,0,0,0,0,1,0,0
736,1,1,0,1,0,1,0,1,0,1,0,0,0,1,0,0,1,0,1,0,1,1
737,1,1,1,0,1,1,1,0,0,1,0,0,1,0,1,0,1,0,1,1,0,0
738,0,1,1,0,1,1,1,0,1,1,0,1,0,0,1,0,1,0,1,1,1,1
739,1,1,0,1,0,1,0,1,0,1,0,0,1,1,0,0,1,0,1,0,1,0
740,1,0,1,1,0,1,1,0,0,1,0,1,0,0,1,0,1,0,0,1,0,1
741,0,0,0,1,0,1,1,1,0,0,0,0,1,0,1,0,1,1,0,1,0,0
742,1,1,1,1,1,1,1,0,0,0,0,1,1,0,1,0,1,1,1,1,0,1
743,1,0,0,1,1,1,1,0,0,0,1,0,1,0,1,0,1,1,0,1,0,1
744,1,1,0,1,1,1,1,0,1,0,0,1,1,0,1,0,1,1,1,1,1,1
745,1,0,0,1,0,1,1,0,1,1,0,0,1,0,1,0,0,1,0,1,1,0
746,1,0,0,1,0,1,1,0,0,1,0,0,0,1,0,0,1,0,1,0,0,1
747,0,0,1,1,0,1,0,0,0,1,0,0,1,1,0,0,0,1,1,1,0,0
748,1,1,0,1,0,1,1,0,0,1,0,0,0,0,1,0,1,0,1,1,0,1
749,1,1,1,1,0,1,1,0,0,1,0,1,0,0,1,0,0,0,1,1,0,1
750,0,0,1,1,1,1,1,0,0,0,0,1,0,1,0,0,0,1,0,1,0,1
751,1,0,0,1,0,1,0,0,0,1,0,0,0,1,0,0,0,0,1,1,0,0
752,0,0,0,1,0,1,1,1,0,1,0,1,0,1,0,0,1,1,1,0,0,0
753,1,1,0,1,0,1,1,0,1,0,0,1,1,1,0,0,0,0,1,1,1,1
754,0,0,1,0,0,1,0,0,1,1,1,1,1,0,1,0,1,0,1,0,1,1
755,1,0,1,1,0,1,0,0,0,1,0,1,1,1,0,0,1,0,1,0,0,1
756,0,0,1,0,0,0,1,1,1,1,0,0,0,0,1,0,0,1,1,1,1,0
757,1,0,1,1,1,1,0,1,1,0,0,0,1,0,1,0,1,0,1,0,1,1
758,1,0,1,1,1,1,1,0,0,1,0,0,0,0,1,1,0,1,1,1,0,1
759,0,0,1,1,0,1,0,0,1,1,0,1,1,0,1,0,1,1,1,1,1,1
760,1,1,1,1,1,1,1,0,1,1,0,1,0,1,0,0,1,0,1,1,0,1
761,1,0,0,1,0,1,0,0,1,0,0,0,1,1,0,0,1,1,1,0,1,1
762,0,0,0,1,0,1,1,0,0,0,0,0,1,0,1,0,1,1,1,1,0,0
763,1,1,0,1,1,1,0,0,1,1,0,1,1,0,1,0,1,0,1,0,0,1
764,1,0,0,1,1,1,1,0,1,1,0,1,1,0,0,0,1,1,1,1,1,1
765,0,0,1,1,0,1,1,1,0,0,0,1,1,0,0,1,1,1,0,1,1,0
766,1,1,1,1,0,1,0,0,0,0,0,0,0,0,0,0,1,1,1,1,0,0
767,0,1,1,1,0,1,1,0,0,1,0,0,0,1,0,0,1,1,1,0,0,1
768,0,1,0,1,1,1,1,1,1,0,0,1,0,0,1,0,1,0,1,0,1,1
769,0,0,1,1,1,1,1,0,1,0,0,1,0,0,1,0,1,1,1,1,1,0
770,1,1,0,1,0,1,1,0,0,1,0,1,0,1,0,0,1,1,1,0,0,1
771,1,1,0,1,1,1,0,0,1,1,0,0,1,1,0,0,0,0,1,1,1,1
772,1,1,1,1,1,1,1,0,1,1,0,1,0,0,1,0,1,0,1,1,0,1
773,1,0,1,1,0,1,1,0,1,0,0,1,1,0,1,0,1,1,0,1,1,1
774,0,0,1,1,0,1,1,1,1,1,1,0,0,0,1,0,1,0,0,0,1,0
775,1,0,0,1,0,1,0,0,0,1,0,0,1,1,0,0,1,1,1,0,0,1
776,1,1,1,1,1,1,1,0,1,1,0,1,1,0,1,0,1,0,1,1,1,1
777,1,1,0,1,0,1,1,0,0,0,0,1,1,1,0,1,0,1,1,1,0,1
778,1,1,1,1,1,1,1,0,1,1,1,1,1,0,1,0,0,0,1,1,1,1
779,1,1,1,1,1,1,1,1,0,1,0,0,0,1,0,0,1,0,1,1,0,1
780,1,1,0,1,0,1,0,1,1,0,0,1,0,0,1,1,0,1,1,1,1,1
781,1,0,1,1,1,1,1,0,1,1,1,1,1,0,1,0,1,1,1,1,0,1
782,0,0,1,1,1,1,1,1,0,0,0,0,0,0,1,0,0,1,1,1,0,0
783,0,0,0,1,0,1,0,1,0,1,0,0,1,1,0,0,0,1,0,1,0,0
784,1,1,1,1,1,1,1,1,0,1,0,0,0,0,0,0,1,1,1,1,0,1
785,1,0,1,1,1,1,1,1,0,1,1,0,1,0,1,0,0,1,1,1,0,0
786,1,0,1,1,0,1,1,0,0,0,1,1,1,0,1,0,1,0,1,1,0,1
787,1,0,1,0,1,1,1,0,1,1,0,1,1,0,1,0,1,0,1,1,1,1
788,1,1,1,1,0,1,0,1,1,1,0,1,1,0,1,0,1,0,1,0,0,1
789,1,1,0,1,1,1,0,0,1,1,0,0,1,0,1,0,1,0,0,1,0,1
790,1,0,1,0,0,1,0,1,0,1,0,1,0,1,0,0,1,1,1,1,0,1
791,1,1,1,0,1,1,1,0,0,1,0,1,1,0,1,0,1,0,1,1,0,1
792,0,0,0,1,0,1,1,0,1,0,0,0,0,0,0,0,0,1,1,1,1,1
793,1,1,1,1,0,1,1,1,0,0,0,1,1,0,0,0,1,0,1,0,0,1
794,1,1,1,1,1,1,1,0,0,0,1,1,1,0,1,0,1,0,1,0,0,1
795,0,0,0,1,0,1,1,0,0,0,0,0,0,1,0,0,1,1,1,0,0,1
796,1,1,1,0,1,1,0,0,0,1,0,1,0,0,1,0,1,1,1,0,0,1
797,0,0,0,1,0,1,1,0,1,0,0,0,0,1,0,0,1,1,1,0,1,0
798,1,0,1,1,1,1,1,0,1,1,0,1,1,0,0,0,1,0,1,1,1,1
799,0,0,1,1,0,1,1,1,0,1,0,0,1,0,1,0,0,1,1,1,0,0
800,1,0,1,0,0,1,1,0,1,1,0,1,1,0,1,0,1,0,1,0,1,1
801,1,0,1,1,1,1,1,1,1,0,0,1,1,1,0,1,1,1,0,0,1,0
802,1,1,0,1,0,1,1,0,1,0,0,1,0,1,0,0,1,1,1,1,1,1
803,0,0,1,1,0,1,1,0,1,0,0,1,1,0,1,0,1,0,1,1,1,1
804,0,1,0,1,0,1,1,1,0,1,0,0,0,1,0,0,0,1,1,0,0,0
805,1,1,0,1,1,1,0,0,0,1,0,1,0,0,1,0,0,0,1,1,0,1
806,0,0,0,1,0,0,1,1,0,0,0,0,1,0,0,0,1,1,1,1,0,0
807,0,0,1,1,0,1,1,0,1,0,0,1,1,0,1,0,1,1,1,1,1,1
808,1,1,1,1,1,1,1,1,0,1,0,0,0,0,1,0,0,0,0,0,0,1
809,1,0,0,1,0,1,0,1,0,1,0,0,0,1,0,0,0,1,1,0,1,0
810,0,0,0,1,1,1,1,1,0,1,0,0,1,0,0,0,0,1,1,1,0,1
811,0,0,0,1,0,1,1,1,0,0,0,1,1,0,0,1,1,1,0,1,0,0
812,1,1,0,1,1,1,0,0,1,1,0,1,1,0,1,0,1,0,1,1,1,1
813,1,1,1,1,0,1,0,0,0,0,0,0,1,0,1,0,1,0,1,1,0,1
814,1,1,1,0,0,1,0,0,0,1,0,1,1,0,1,0,1,0,1,0,0,1
815,1,1,1,1,0,1,1,1,1,1,0,0,0,1,0,0,0,1,1,0,0,1
816,0,0,1,1,0,1,1,0,0,0,1,0,0,0,0,0,1,1,1,1,0,1
817,0,0,0,1,1,1,1,0,1,0,0,1,0,1,0,0,0,0,1,0,1,1
818,1,1,1,1,0,1,1,0,0,0,0,0,0,0,0,0,1,0,1,1,0,1
819,1,0,0,1,0,1,0,0,0,0,0,0,1,0,0,0,1,1,0,1,0,1
820,0,0,0,1,1,1,1,0,0,1,0,0,1,0,0,0,0,1,1,1,1,1
821,0,1,0,1,0,1,1,1,0,0,0,0,1,0,0,0,0,0,1,1,0,1
822,1,0,1,0,0,1,0,0,0,0,0,1,0,0,1,0,0,1,0,1,0,1
823,0,0,1,1,0,1,1,0,1,1,0,1,1,0,1,0,1,1,1,1,1,0
824,1,1,1,1,1,1,1,0,1,0,0,0,1,0,0,0,0,0,1,1,1,1
825,1,0,0,1,1,1,1,0,1,1,0,1,1,0,0,0,1,0,1,1,1,1
826,1,1,1,1,1,1,0,0,1,1,0,1,0,1,0,0,1,1,0,0,1,1
827,1,1,1,0,0,1,0,0,0,1,0,0,0,0,1,0,0,0,0,1,1,1
828,1,1,1,1,0,1,0,0,0,1,0,1,1,0,1,0,1,0,1,0,0,1
829,1,1,1,0,1,1,1,1,1,1,0,0,1,0,1,0,1,0,1,0,0,1
830,1,0,1,0,1,1,1,0,1,1,1,0,1,0,1,0,0,0,1,1,1,1
831,1,0,0,1,1,1,0,0,0,1,0,0,1,1,0,0,1,0,1,0,0,1
832,1,1,0,1,0,1,0,0,0,1,0,1,0,0,1,0,1,0,1,0,1,1
833,1,1,1,1,1,1,1,1,0,0,0,1,0,1,0,0,1,0,1,1,0,1
834,1,0,0,1,0,1,0,1,0,0,0,0,0,1,0,0,1,1,1,1,0,0
835,0,0,1,1,0,1,0,0,0,1,0,0,1,0,1,0,1,0,0,1,1,1
836,0,0,0,1,0,1,1,0,0,0,0,0,1,1,0,0,0,0,1,1,0,1
837,0,0,0,0,0,1,1,0,0,0,0,0,0,1,0,0,1,1,1,0,0,0
838,1,1,1,1,1,1,1,0,1,1,0,1,1,0,1,0,1,1,1,1,1,1
839,1,0,1,1,0,1,1,0,1,0,0,1,1,0,0,0,1,1,1,1,1,1
840,1,1,0,1,0,1,0,0,0,0,0,1,1,0,1,0,0,1,1,1,0,1
841,1,1,0,1,0,1,1,0,1,1,0,0,1,0,1,0,0,1,0,1,1,0
842,1,0,0,1,0,1,0,0,0,1,0,0,1,1,0,0,1,1,1,1,0,1
843,1,0,1,1,1,1,1,0,0,1,0,1,1,0,1,0,1,0,0,1,0,1
844,1,1,1,0,1,1,1,0,0,0,0,1,1,0,1,0,1,1,0,1,1,1
845,1,1,1,1,1,1,1,1,0,0,0,1,0,0,1,0,1,0,1,1,0,1
846,1,1,1,1,0,1,0,0,0,1,0,0,0,0,1,0,1,0,1,0,1,1
847,1,0,0,1,0,1,1,0,0,1,0,0,1,0,0,0,0,1,1,1,0,1
848,0,0,1,1,0,1,1,0,0,0,0,1,1,0,1,0,1,1,1,1,0,1
849,0,0,1,1,0,1,0,0,0,0,0,1,1,0,1,0,1,1,0,1,0,0
850,1,0,1,1,0,0,0,0,1,1,0,0,1,0,0,1,0,1,0,0,1,1
851,1,1,1,1,1,1,1,0,1,1,0,1,1,0,1,0,1,1,1,1,1,1
852,1,0,1,1,1,1,1,0,1,0,0,0,1,0,1,0,1,0,1,0,1,1
853,1,0,1,0,0,1,0,0,0,1,0,1,1,0,1,0,1,0,1,0,1,0
854,1,1,1,0,1,1,1,0,1,1,0,1,0,0,1,0,0,0,1,1,1,1
855,1,0,1,1,1,1,1,0,0,1,0,0,1,0,0,0,1,1,1,1,0,1
856,0,0,1,1,1,1,1,0,0,0,0,1,1,1,0,0,1,1,1,1,0,1
857,1,1,0,1,1,1,1,0,1,0,0,0,1,0,1,0,0,0,1,0,0,1
858,1,1,0,1,1,1,0,0,0,1,0,0,1,1,0,0,0,1,1,1,0,1
859,0,1,0,0,0,0,1,0,0,1,0,0,0,0,1,1,0,1,1,0,0,1
860,1,1,0,1,0,1,1,0,1,1,1,0,1,0,1,0,0,1,1,1,1,1
861,1,0,0,1,1,1,0,0,1,1,0,0,1,0,0,0,0,0,1,1,0,1
862,1,0,1,1,1,1,0,0,0,0,0,0,1,1,0,0,1,1,1,1,0,1
863,1,1,1,0,1,1,1,0,1,0,1,0,1,0,1,0,0,1,0,1,1,0
864,0,0,0,1,0,1,0,0,0,0,0,0,0,0,1,0,0,1,0,0,0,0
865,1,0,0,1,0,1,1,0,0,0,1,0,0,1,0,0,1,0,1,0,0,1
866,1,0,0,1,0,1,1,0,0,0,0,0,1,1,0,0,0,0,0,1,0,1
867,0,1,1,1,0,1,1,0,1,0,0,1,0,0,1,0,1,1,0,1,0,1
868,1,1,1,1,0,1,1,0,0,1,0,1,1,0,1,0,0,1,1,1,1,1
869,0,0,0,1,0,1,1,0,0,0,0,1,1,1,0,0,1,1,1,0,0,1
870,1,1,1,1,1,1,1,0,1,0,1,1,0,1,0,0,1,0,1,1,1,1
871,0,0,1,0,0,0,1,1,1,1,0,1,0,0,1,0,1,1,1,1,1,1
872,1,0,0,1,1,1,1,0,1,1,0,1,1,0,1,0,0,1,1,1,1,1
873,1,0,0,1,0,1,1,0,0,0,0,0,1,1,0,0,0,1,1,1,0,1
874,0,1,0,0,0,1,1,0,0,0,0,0,0,0,1,0,0,1,1,1,0,0
875,0,0,1,1,0,1,1,1,1,1,1,0,1,1,0,0,1,0,1,1,1,1
876,1,0,1,1,1,1,1,0,0,0,0,0,1,0,1,0,1,0,0,0,0,1
877,1,1,0,1,0,1,1,0,0,0,0,1,1,0,1,0,0,0,1,1,0,1
878,0,0,0,1,1,1,0,0,0,1,0,0,1,0,1,0,0,0,1,0,0,1
879,1,1,1,1,0,1,1,0,1,0,0,1,0,0,1,0,1,1,1,1,1,1
880,1,1,1,1,1,1,1,0,0,1,0,1,1,0,1,0,1,0,1,1,0,1
881,1,1,1,1,1,1,1,0,0,1,0,0,0,0,0,0,1,0,1,0,0,1
882,1,0,1,1,0,1,1,1,1,1,0,1,1,0,1,0,1,1,1,1,1,1
883,1,0,1,1,0,1,1,0,1,0,0,0,1,1,0,0,1,0,1,1,1,0
884,1,1,1,1,1,1,0,1,0,0,0,1,1,0,0,0,1,0,1,1,0,1
885,0,0,1,1,0,1,0,0,0,1,0,0,1,1,0,0,1,1,1,1,0,1
886,1,1,1,0,1,1,1,1,1,1,0,1,1,0,1,0,1,0,1,1,1,1
887,1,1,0,1,1,1,0,1,0,1,0,0,0,0,1,0,0,0,1,1,0,1
888,1,1,1,1,1,1,1,0,1,1,0,1,1,0,1,0,1,0,1,1,1,1
889,1,1,1,0,1,1,1,0,0,1,0,0,1,0,1,1,1,1,0,0,1,1
890,1,0,1,0,1,1,1,0,1,1,0,1,1,0,1,0,1,0,0,1,1,1
891,1,0,1,1,1,1,1,0,1,0,0,1,1,0,1,0,1,0,1,1,1,1
892,0,0,1,1,0,0,1,0,1,1,0,0,1,0,1,0,1,1,0,1,1,0
893,1,1,1,1,1,1,1,1,1,1,0,0,1,0,1,0,1,0,1,1,1,1
894,1,0,0,1,1,1,1,0,1,0,0,0,1,0,1,0,1,1,1,1,1,1
895,1,1,1,0,1,1,1,0,1,1,0,1,1,0,1,0,0,0,0,1,0,1
896,1,0,0,1,1,1,1,0,0,0,0,0,1,1,0,0,1,1,1,0,0,1
897,0,0,1,1,0,0,1,0,1,0,1,1,1,1,0,0,0,1,1,1,0,1
898,1,0,1,1,0,1,1,0,0,0,0,1,0,1,0,0,1,1,0,0,0,0
899,1,1,1,1,0,1,0,0,0,0,0,0,0,0,1,0,1,0,1,1,0,1
900,1,0,1,1,1,1,0,0,1,1,0,1,0,0,1,1,1,1,0,0,0,1
901,1,1,1,1,1,1,1,0,1,1,0,0,0,0,0,0,1,1,1,1,1,1
902,1,1,1,1,0,1,1,0,1,1,0,1,0,0,1,0,1,0,1,0,1,1
903,1,0,1,1,1,1,1,0,0,0,0,0,1,0,0,0,0,1,1,0,0,1
904,1,0,1,1,1,1,1,0,0,0,0,1,1,0,1,0,0,1,1,1,0,1
905,0,0,0,0,1,1,1,0,0,0,0,0,0,0,1,0,0,1,1,0,0,1
906,1,1,0,1,0,0,1,0,0,1,0,1,0,0,1,0,0,1,1,1,0,0
907,1,1,0,1,0,1,1,1,0,1,0,0,0,0,0,0,0,0,1,1,0,1
908,1,1,1,1,0,1,1,0,1,1,0,0,0,1,0,0,0,1,1,1,1,0
909,0,1,1,1,0,1,1,1,0,1,0,0,0,1,0,0,0,1,1,1,0,0
910,1,1,1,1,0,1,1,0,1,0,0,0,1,1,0,0,1,1,1,1,1,1
911,1,1,0,1,0,1,0,1,1,0,0,0,0,1,0,0,1,0,0,1,0,0
912,1,1,0,1,0,1,1,1,0,0,0,1,0,1,0,0,1,0,1,1,0,1
913,0,0,0,1,1,1,1,0,0,1,1,1,0,0,0,0,0,1,1,1,0,1
914,1,1,1,1,1,1,0,0,0,1,0,0,1,0,1,0,0,1,1,0,0,1
915,1,1,1,1,1,0,0,1,0,0,0,0,0,1,0,0,0,1,0,1,0,1
916,0,1,1,0,0,1,1,0,0,1,0,0,0,0,1,0,0,1,1,1,0,1
917,0,1,1,1,1,1,0,0,0,1,0,1,0,0,1,0,1,0,0,1,0,1
918,1,0,1,1,0,1,0,0,0,0,0,0,0,0,0,0,0,1,1,1,0,1
919,1,1,1,1,1,1,0,0,0,0,0,1,1,0,1,0,0,1,1,0,0,1
920,1,0,0,1,0,1,1,0,1,0,0,0,1,1,0,0,0,0,1,1,1,1
921,1,1,1,1,1,1,1,0,1,0,1,1,1,0,1,0,0,0,1,1,0,1
922,0,0,0,1,0,1,0,0,0,0,0,0,1,1,0,0,1,1,1,0,0,1
923,0,0,0,0,1,1,1,1,0,1,0,1,1,0,1,0,1,1,1,0,0,1
924,1,1,1,1,1,1,0,0,0,0,0,0,0,0,0,0,0,1,0,1,0,1
925,0,0,1,1,1,1,0,0,0,1,0,0,1,0,1,0,0,0,0,1,1,1
926,1,0,0,1,0,1,1,0,1,0,0,0,1,1,0,0,1,1,1,0,0,1
927,1,1,1,0,1,1,0,0,0,1,0,1,1,0,1,0,1,0,0,0,1,1
928,1,0,1,1,1,1,1,0,0,0,0,1,1,0,1,0,1,0,1,1,0,1
929,0,0,1,0,0,1,1,0,1,1,0,0,1,0,1,0,0,1,1,1,1,0
930,1,0,0,1,0,0,1,0,0,0,0,0,1,0,1,0,0,1,1,1,0,0
931,0,0,0,1,1,1,0,1,0,0,0,0,1,1,0,0,0,0,1,1,0,1
932,0,0,0,1,0,1,1,0,1,1,0,0,1,0,1,0,0,1,1,1,1,1
933,0,0,1,0,1,1,1,0,1,0,1,1,1,0,1,0,1,1,1,1,1,1
934,0,0,0,1,0,1,1,0,0,0,0,0,1,1,0,0,0,0,0,1,0,1
935,1,0,0,1,0,1,0,1,1,0,0,0,1,0,1,0,1,0,0,1,1,1
936,0,0,0,1,0,1,0,1,0,0,0,0,1,1,0,0,0,1,1,1,0,0
937,0,0,0,1,1,1,1,1,0,0,0,0,1,0,0,0,1,0,1,0,0,1
938,1,1,1,1,0,1,0,1,0,1,0,0,1,0,1,0,1,0,1,0,0,1
939,1,1,1,0,1,1,1,0,1,1,0,0,0,0,1,0,1,1,1,1,1,1
940,0,1,1,0,1,1,1,0,0,1,0,0,0,0,1,0,1,1,1,1,0,1
941,0,0,1,0,0,0,1,0,0,1,0,0,1,0,1,0,0,1,1,1,0,0
942,1,0,1,1,1,1,1,0,0,0,0,1,1,0,1,0,0,0,0,1,0,1
943,0,0,1,0,0,1,1,0,1,1,0,1,0,0,1,0,0,1,1,1,1,0
944,1,0,1,1,0,1,1,0,0,0,0,0,1,1,0,1,0,1,1,0,0,1
945,1,1,0,1,0,1,1,1,0,1,1,0,0,1,0,0,0,0,1,1,1,1
946,1,1,0,0,1,1,0,0,0,0,1,0,1,0,1,0,1,0,1,0,0,1
947,0,1,1,1,1,1,1,0,0,1,0,0,1,0,1,0,1,0,1,1,0,1
948,1,0,1,0,0,1,0,0,0,0,0,0,1,0,0,0,0,1,1,1,0,0
949,1,1,1,1,0,1,0,0,0,0,0,1,0,0,1,0,1,0,1,1,1,1
950,1,1,1,0,1,1,1,1,1,1,0,0,1,0,0,0,1,0,1,1,1,0
951,1,0,0,1,1,1,0,0,1,1,0,1,0,0,1,0,0,0,1,1,1,1
952,1,1,0,1,0,1,0,1,0,1,1,0,1,1,0,0,1,0,1,0,0,1
953,1,1,0,1,1,1,0,0,0,0,0,0,1,1,0,0,0,0,1,1,1,1
954,0,0,0,1,1,1,1,0,0,1,0,0,1,1,0,1,1,1,1,1,0,1
955,1,0,1,1,1,1,1,0,1,0,1,1,1,1,0,0,1,1,1,0,1,1
956,1,1,1,1,0,1,1,1,1,0,0,1,1,0,1,0,1,1,0,1,1,0
957,0,0,1,1,0,1,1,1,1,0,0,1,0,0,1,0,1,1,1,1,1,0
958,1,1,1,1,0,1,0,0,0,1,0,0,1,0,1,0,0,0,1,1,0,0
959,1,1,0,1,0,1,1,1,0,0,0,1,1,0,1,0,1,0,1,0,0,1
960,0,0,0,1,0,1,1,0,1,0,0,1,0,0,0,0,0,1,1,0,1,1
961,1,0,1,1,0,1,1,1,1,1,0,0,0,0,0,0,1,1,1,1,1,1
962,1,1,0,1,0,1,1,0,0,1,0,0,1,0,1,0,0,0,1,1,0,1
963,1,0,1,1,1,1,0,0,0,0,1,1,1,0,1,0,0,0,0,1,1,1
964,0,0,0,1,0,1,1,1,0,1,0,0,1,0,0,0,0,1,1,1,0,0
965,1,0,0,1,0,1,1,1,0,0,0,0,1,1,0,0,0,0,1,1,0,1
966,1,0,0,1,0,1,0,1,1,0,1,0,1,0,1,0,0,1,1,1,1,0
967,1,1,1,1,1,1,1,0,0,0,0,1,1,1,0,0,0,0,0,0,0,1
968,1,1,0,1,1,1,1,0,0,0,0,1,0,0,0,0,1,1,1,0,0,1
969,0,1,1,0,0,1,1,0,1,1,0,0,0,0,1,0,0,1,1,1,1,0
970,1,0,0,1,0,1,1,1,0,1,0,0,1,0,1,1,0,1,1,1,0,1
971,1,1,1,0,0,1,1,0,0,1,0,0,0,0,1,0,1,1,1,1,0,0
972,1,0,0,1,0,1,0,0,0,1,0,0,0,1,0,0,1,0,1,0,1,0
973,1,1,1,1,0,1,0,0,0,1,0,1,1,0,1,0,1,0,1,0,0,1
974,1,1,1,1,1,1,1,0,1,0,0,0,1,1,0,0,0,0,1,1,0,1
975,1,0,1,1,0,1,1,1,0,0,1,0,1,1,0,0,1,0,1,1,0,0
976,0,0,1,1,0,1,1,1,0,0,0,0,0,1,0,1,1,1,1,1,0,1
977,1,0,1,1,0,1,1,1,1,1,0,1,1,0,1,0,0,1,1,1,1,1
978,1,0,1,0,0,1,0,0,1,1,0,1,1,0,1,0,1,0,1,1,1,0
979,1,0,0,1,0,1,0,1,0,1,0,0,0,0,0,0,0,1,1,0,0,1
980,1,1,1,1,0,1,0,1,1,0,0,1,0,0,1,0,0,1,1,1,0,1
981,1,1,1,1,1,1,0,0,0,1,0,0,1,0,1,0,0,0,0,0,0,1
982,1,1,0,1,1,1,1,1,0,1,0,0,0,1,0,0,0,0,0,1,0,1
983,1,1,0,0,0,1,0,0,0,1,0,0,0,0,1,0,0,1,1,1,0,1
984,1,0,0,1,0,1,1,0,1,0,0,1,0,0,1,0,0,1,1,1,1,0
985,1,0,0,1,0,1,1,0,1,0,0,0,1,1,0,0,1,1,1,0,1,1
986,1,1,1,1,0,1,1,1,0,1,0,0,0,0,0,0,0,1,1,1,1,1
987,1,0,1,1,0,1,1,0,0,0,0,0,0,1,0,0,1,1,1,1,0,1
988,1,1,0,1,1,1,1,0,0,1,0,0,1,0,1,0,0,0,1,0,0,1
989,1,0,1,1,0,1,1,1,1,0,0,1,1,0,1,0,0,1,1,1,1,0
990,0,1,1,0,0,1,1,0,1,1,0,0,0,0,1,0,0,1,1,1,1,0
991,1,0,1,0,0,1,1,0,0,0,0,1,1,0,1,0,1,0,0,1,0,0
992,1,0,0,1,0,1,1,0,0,0,0,1,0,0,0,0,1,0,1,0,1,0
993,1,1,0,1,1,1,1,0,0,0,0,0,1,0,1,0,1,1,1,1,0,1
994,0,0,1,1,1,1,1,0,0,1,0,1,1,0,1,0,1,0,1,1,0,1
995,0,0,1,1,0,1,1,0,0,0,0,1,1,1,0,0,1,1,1,1,0,0
996,1,1,1,1,1,1,1,0,0,1,0,0,1,0,0,0,1,1,1,1,0,1
997,0,0,1,1,0,1,1,0,0,0,0,1,1,0,1,0,1,0,1,1,0,1
998,1,0,0,1,1,1,0,0,0,0,0,0,1,0,1,0,1,0,1,0,0,1
999,1,1,0,1,0,1,1,1,1,1,0,0,1,0,1,0,1,0,1,1,0,1